time,kinetic,potential,internal,total,error
13.46881313342601,239352.25,0.0,0.20913934707641602,239352.453125,-0.00012316875411704778
13.478813133900985,239352.1875,0.0,0.20863541960716248,239352.390625,-0.00012342984315598165
13.48881313437596,239352.125,0.0,0.20814459025859833,239352.328125,-0.0001236909321949155
13.498813134850934,239352.0625,0.0,0.20768001675605774,239352.265625,-0.00012395202123384935
13.508813135325909,239352.0625,0.0,0.20721469819545746,239352.265625,-0.00012395202123384935
13.518813135800883,239351.984375,0.0,0.2067641019821167,239352.1875,-0.0001242783825325167
13.528813136275858,239351.875,0.0,0.20631849765777588,239352.078125,-0.00012473528835065092
13.538813136750832,239351.90625,0.0,0.20588400959968567,239352.109375,-0.000124604743831184
13.548813137225807,239351.953125,0.0,0.20545481145381927,239352.15625,-0.0001244089270519836
13.558813137700781,239351.984375,0.0,0.20503157377243042,239352.1875,-0.0001242783825325167
13.568813138175756,239352.0,0.0,0.20458665490150452,239352.203125,-0.00012421311027278323
13.57881313865073,239351.984375,0.0,0.2041173279285431,239352.1875,-0.0001242783825325167
13.588813139125705,239352.0,0.0,0.20363326370716095,239352.203125,-0.00012421311027278323
13.59881313960068,239352.015625,0.0,0.2031840980052948,239352.21875,-0.00012414783801304976
13.608813140075654,239352.125,0.0,0.20271722972393036,239352.328125,-0.0001236909321949155
13.618813140550628,239352.21875,0.0,0.20225629210472107,239352.421875,-0.00012329929863651471
13.628813141025603,239352.34375,0.0,0.20183277130126953,239352.546875,-0.000122777120558647
13.638813141500577,239352.40625,0.0,0.20137359201908112,239352.609375,-0.00012251603151971314
13.648813141975552,239352.40625,0.0,0.2009134590625763,239352.609375,-0.00012251603151971314
13.658813142450526,239352.484375,0.0,0.20045629143714905,239352.6875,-0.00012218967022104582
13.6688131429255,239352.5625,0.0,0.20001018047332764,239352.765625,-0.00012186330892237849
13.678813143400475,239352.640625,0.0,0.1995832473039627,239352.84375,-0.00012153694762371117
13.68881314387545,239352.671875,0.0,0.1991533637046814,239352.875,-0.00012140640310424423
13.698813144350424,239352.640625,0.0,0.1986759603023529,239352.84375,-0.00012153694762371117
13.708813144825399,239352.578125,0.0,0.1982378214597702,239352.78125,-0.00012179803666264502
13.718813145300373,239352.53125,0.0,0.19777989387512207,239352.734375,-0.00012199385344184542
13.728813145775348,239352.46875,0.0,0.19731754064559937,239352.671875,-0.00012225494248077926
13.738813146250322,239352.34375,0.0,0.19689825177192688,239352.546875,-0.000122777120558647
13.748813146725297,239352.34375,0.0,0.19646236300468445,239352.546875,-0.000122777120558647
13.758813147200271,239352.53125,0.0,0.19597336649894714,239352.734375,-0.00012199385344184542
13.768813147675246,239352.65625,0.0,0.19548848271369934,239352.859375,-0.0001214716753639777
13.77881314815022,239352.734375,0.0,0.19495394825935364,239352.921875,-0.00012121058632504384
13.788813148625195,239352.71875,0.0,0.1944577395915985,239352.90625,-0.00012127585858477731
13.79881314910017,239352.65625,0.0,0.19395560026168823,239352.84375,-0.00012153694762371117
13.808813149575144,239352.5625,0.0,0.19351518154144287,239352.75,-0.00012192858118211196
13.818813150050119,239352.390625,0.0,0.19307950139045715,239352.578125,-0.00012264657603918008
13.828813150525093,239352.28125,0.0,0.19264793395996094,239352.46875,-0.0001231034818573143
13.838813151000068,239352.203125,0.0,0.19221468269824982,239352.390625,-0.00012342984315598165
13.848813151475042,239352.125,0.0,0.19176480174064636,239352.3125,-0.00012375620445464897
13.858813151950017,239352.03125,0.0,0.1912968009710312,239352.21875,-0.00012414783801304976
13.868813152424991,239351.953125,0.0,0.190839946269989,239352.140625,-0.00012447419931171707
13.878813152899966,239351.859375,0.0,0.190396249294281,239352.046875,-0.00012486583287011786
13.88881315337494,239351.6875,0.0,0.18993410468101501,239351.875,-0.00012558382772718597
13.898813153849915,239351.5,0.0,0.1894696205854416,239351.6875,-0.00012636709484398754
13.90881315432489,239351.328125,0.0,0.18899916112422943,239351.515625,-0.00012708508970105567
13.918813154799864,239351.09375,0.0,0.18853344023227692,239351.28125,-0.00012806417359705763
13.928813155274838,239350.90625,0.0,0.18805831670761108,239351.09375,-0.0001288474407138592
13.938813155749813,239350.71875,0.0,0.18759281933307648,239350.90625,-0.00012963070783066077
13.948813156224787,239350.53125,0.0,0.18715444207191467,239350.71875,-0.00013041397494746235
13.958813156699762,239350.359375,0.0,0.18671944737434387,239350.546875,-0.00013113196980453048
13.968813157174736,239350.21875,0.0,0.18628638982772827,239350.40625,-0.00013171942014213165
13.97881315764971,239350.0625,0.0,0.18585845828056335,239350.25,-0.0001323721427394663
13.988813158124685,239349.9375,0.0,0.1854306310415268,239350.125,-0.000132894320817334
13.99881315859966,239349.8125,0.0,0.18502017855644226,239350.0,-0.00013341649889520173
14.008813159074634,239349.75,0.0,0.18461042642593384,239349.9375,-0.00013367758793413558
14.018813159549609,239349.6875,0.0,0.18420112133026123,239349.875,-0.00013393867697306946
14.028813160024583,239349.625,0.0,0.1837884485721588,239349.8125,-0.0001341997660120033
14.038813160499558,239349.453125,0.0,0.18338872492313385,239349.640625,-0.0001349177608690714
14.048813160974532,239349.28125,0.0,0.1829948127269745,239349.46875,-0.00013563575572613952
14.058813161449507,239349.109375,0.0,0.18261544406414032,239349.296875,-0.00013635375058320765
14.068813161924481,239348.9375,0.0,0.1822405457496643,239349.125,-0.00013707174544027575
14.078813162399456,239348.75,0.0,0.18184879422187805,239348.9375,-0.00013785501255707733
14.08881316287443,239348.53125,0.0,0.18145932257175446,239348.71875,-0.00013876882419334584
14.098813163349405,239348.4375,0.0,0.1810580939054489,239348.625,-0.00013916045775174663
14.10881316382438,239348.3125,0.0,0.18064144253730774,239348.5,-0.00013968263582961435
14.118813164299354,239348.1875,0.0,0.18022900819778442,239348.375,-0.00014020481390748205
14.128813164774328,239348.0625,0.0,0.17982307076454163,239348.25,-0.00014072699198534977
14.138813165249303,239347.9375,0.0,0.17941167950630188,239348.109375,-0.00014131444232295094
14.148813165724277,239347.71875,0.0,0.17899326980113983,239347.890625,-0.00014222825395921945
14.158813166199252,239347.609375,0.0,0.1785297989845276,239347.78125,-0.0001426851597773537
14.168813166674227,239347.515625,0.0,0.1780780553817749,239347.6875,-0.0001430767933357545
14.178813167149201,239347.453125,0.0,0.17761915922164917,239347.625,-0.00014333788237468837
14.188813167624176,239347.375,0.0,0.17716985940933228,239347.546875,-0.0001436642436733557
14.19881316809915,239347.28125,0.0,0.1767151802778244,239347.453125,-0.00014405587723175648
14.208813168574125,239347.21875,0.0,0.17626971006393433,239347.390625,-0.00014431696627069032
14.218813169049099,239347.15625,0.0,0.1758415699005127,239347.328125,-0.00014457805530962417
14.228813169524074,239347.078125,0.0,0.17543958127498627,239347.25,-0.00014490441660829152
14.238813169999048,239346.96875,0.0,0.17503511905670166,239347.140625,-0.00014536132242642577
14.248813170474023,239346.875,0.0,0.17462094128131866,239347.046875,-0.00014575295598482656
14.258813170948997,239346.828125,0.0,0.17419277131557465,239347.0,-0.00014594877276402694
14.268813171423972,239346.78125,0.0,0.17375662922859192,239346.953125,-0.00014614458954322735
14.278813171898946,239346.78125,0.0,0.17331406474113464,239346.953125,-0.00014614458954322735
14.28881317237392,239346.796875,0.0,0.1728648841381073,239346.96875,-0.00014607931728349388
14.298813172848895,239346.8125,0.0,0.17241685092449188,239346.984375,-0.0001460140450237604
14.30881317332387,239346.84375,0.0,0.1719706654548645,239347.015625,-0.00014588350050429347
14.318813173798844,239346.875,0.0,0.1715281754732132,239347.046875,-0.00014575295598482656
14.328813174273819,239346.953125,0.0,0.17111557722091675,239347.125,-0.00014542659468615922
14.338813174748793,239347.0625,0.0,0.17070123553276062,239347.234375,-0.00014496968886802496
14.348813175223768,239347.15625,0.0,0.17028914391994476,239347.328125,-0.00014457805530962417
14.358813175698742,239347.296875,0.0,0.16989891231060028,239347.46875,-0.000143990604972023
14.368813176173717,239347.4375,0.0,0.16950669884681702,239347.609375,-0.0001434031546344218
14.378813176648691,239347.5,0.0,0.16911175847053528,239347.671875,-0.00014314206559548796
14.388813177123666,239347.5625,0.0,0.16871117055416107,239347.734375,-0.00014288097655655412
14.39881317759864,239347.625,0.0,0.16831016540527344,239347.796875,-0.00014261988751762024
14.408813178073615,239347.671875,0.0,0.16794738173484802,239347.84375,-0.00014242407073841986
14.41881317854859,239347.75,0.0,0.16756345331668854,239347.921875,-0.00014209770943975254
14.428813179023564,239347.890625,0.0,0.1671425998210907,239348.0625,-0.00014151025910215135
14.438813179498538,239348.03125,0.0,0.16672652959823608,239348.203125,-0.00014092280876455015
14.448813179973513,239348.171875,0.0,0.1663273125886917,239348.34375,-0.000140335358426949
14.458813180448487,239348.3125,0.0,0.1659366488456726,239348.484375,-0.0001397479080893478
14.468813180923462,239348.4375,0.0,0.1655406653881073,239348.609375,-0.0001392257300114801
14.478813181398436,239348.59375,0.0,0.1651618480682373,239348.765625,-0.00013857300741414543
14.488813181873411,239348.75,0.0,0.16479064524173737,239348.921875,-0.0001379202848168108
14.498813182348385,239348.90625,0.0,0.16438573598861694,239349.078125,-0.00013726756221947613
14.50881318282336,239349.03125,0.0,0.16396655142307281,239349.1875,-0.0001368106564013419
14.518813183298334,239349.15625,0.0,0.16352301836013794,239349.3125,-0.00013628847832347418
14.528813183773309,239349.21875,0.0,0.16311559081077576,239349.375,-0.00013602738928454033
14.538813184248284,239349.25,0.0,0.16271966695785522,239349.40625,-0.0001358968447650734
14.548813184723258,239349.3125,0.0,0.1623331904411316,239349.46875,-0.00013563575572613952
14.558813185198233,239349.40625,0.0,0.16199623048305511,239349.5625,-0.00013524412216773873
14.568813185673207,239349.515625,0.0,0.16160818934440613,239349.671875,-0.0001347872163496045
14.578813186148182,239349.71875,0.0,0.161172017455101,239349.875,-0.00013393867697306946
14.588813186623156,239349.765625,0.0,0.16075901687145233,239349.921875,-0.00013374286019386905
14.59881318709813,239349.828125,0.0,0.16036753356456757,239349.984375,-0.0001334817711549352
14.608813187573105,239349.828125,0.0,0.1599911004304886,239349.984375,-0.0001334817711549352
14.61881318804808,239349.828125,0.0,0.15960273146629333,239349.984375,-0.0001334817711549352
14.628813188523054,239349.8125,0.0,0.15920677781105042,239349.96875,-0.00013354704341466867
14.638813188998029,239349.8125,0.0,0.15880799293518066,239349.96875,-0.00013354704341466867
14.648813189473003,239349.84375,0.0,0.15840083360671997,239350.0,-0.00013341649889520173
14.658813189947978,239349.84375,0.0,0.15800172090530396,239350.0,-0.00013341649889520173
14.668813190422952,239349.84375,0.0,0.15760144591331482,239350.0,-0.00013341649889520173
14.678813190897927,239349.8125,0.0,0.15720275044441223,239349.96875,-0.00013354704341466867
14.688813191372901,239349.8125,0.0,0.15680643916130066,239349.96875,-0.00013354704341466867
14.698813191847876,239349.78125,0.0,0.1564100831747055,239349.9375,-0.00013367758793413558
14.70881319232285,239349.75,0.0,0.15602433681488037,239349.90625,-0.00013380813245360252
14.718813192797825,239349.765625,0.0,0.1556479036808014,239349.921875,-0.00013374286019386905
14.7288131932728,239349.8125,0.0,0.15526647865772247,239349.96875,-0.00013354704341466867
14.738813193747774,239349.828125,0.0,0.15488271415233612,239349.984375,-0.0001334817711549352
14.748813194222748,239349.8125,0.0,0.15448880195617676,239349.96875,-0.00013354704341466867
14.758813194697723,239349.84375,0.0,0.15409423410892487,239350.0,-0.00013341649889520173
14.768813195172697,239349.890625,0.0,0.15370267629623413,239350.046875,-0.00013322068211600133
14.778813195647672,239349.828125,0.0,0.15334546566009521,239349.984375,-0.0001334817711549352
14.788813196122646,239349.75,0.0,0.15292921662330627,239349.90625,-0.00013380813245360252
14.79881319659762,239349.765625,0.0,0.152540385723114,239349.921875,-0.00013374286019386905
14.808813197072595,239349.8125,0.0,0.15215539932250977,239349.96875,-0.00013354704341466867
14.81881319754757,239349.8125,0.0,0.15177935361862183,239349.96875,-0.00013354704341466867
14.828813198022544,239349.8125,0.0,0.15140452980995178,239349.96875,-0.00013354704341466867
14.838813198497519,239349.828125,0.0,0.15103021264076233,239349.984375,-0.0001334817711549352
14.848813198972493,239349.890625,0.0,0.15065759420394897,239350.046875,-0.00013322068211600133
14.858813199447468,239349.9375,0.0,0.15028895437717438,239350.09375,-0.00013302486533680095
14.868813199922442,239349.9375,0.0,0.14992409944534302,239350.09375,-0.00013302486533680095
14.878813200397417,239349.90625,0.0,0.14958158135414124,239350.0625,-0.00013315540985626788
14.888813200872391,239349.84375,0.0,0.14923718571662903,239350.0,-0.00013341649889520173
14.898813201347366,239349.875,0.0,0.14890873432159424,239350.03125,-0.0001332859543757348
14.90881320182234,239349.875,0.0,0.14854949712753296,239350.03125,-0.0001332859543757348
14.918813202297315,239349.84375,0.0,0.14819183945655823,239349.984375,-0.0001334817711549352
14.92881320277229,239349.84375,0.0,0.14784106612205505,239349.984375,-0.0001334817711549352
14.938813203247264,239349.859375,0.0,0.1474979817867279,239350.0,-0.00013341649889520173
14.948813203722239,239349.890625,0.0,0.14713266491889954,239350.03125,-0.0001332859543757348
14.958813204197213,239349.9375,0.0,0.14679767191410065,239350.078125,-0.00013309013759653441
14.968813204672188,239349.984375,0.0,0.14648166298866272,239350.125,-0.000132894320817334
14.978813205147162,239350.03125,0.0,0.1461520493030548,239350.171875,-0.00013269850403813363
14.988813205622137,239350.078125,0.0,0.14582905173301697,239350.21875,-0.00013250268725893322
14.998813206097111,239350.15625,0.0,0.1455085426568985,239350.296875,-0.0001321763259602659
15.008813206572086,239350.203125,0.0,0.1451874077320099,239350.34375,-0.00013198050918106552
15.01881320704706,239350.25,0.0,0.14487552642822266,239350.390625,-0.00013178469240186512
15.028813207522035,239350.28125,0.0,0.1445734202861786,239350.421875,-0.00013165414788239818
15.03881320799701,239350.265625,0.0,0.14427171647548676,239350.40625,-0.00013171942014213165
15.048813208471984,239350.25,0.0,0.14395835995674133,239350.390625,-0.00013178469240186512
15.058813208946958,239350.21875,0.0,0.1436418741941452,239350.359375,-0.00013191523692133205
15.068813209421933,239350.15625,0.0,0.1433466076850891,239350.296875,-0.0001321763259602659
15.078813209896907,239350.15625,0.0,0.1430436223745346,239350.296875,-0.0001321763259602659
15.088813210371882,239350.125,0.0,0.142739400267601,239350.265625,-0.00013230687047973284
15.098813210846856,239350.109375,0.0,0.14242884516716003,239350.25,-0.0001323721427394663
15.10881321132183,239350.046875,0.0,0.1421436369419098,239350.1875,-0.00013263323177840016
15.118813211796805,239349.9375,0.0,0.14190787076950073,239350.078125,-0.00013309013759653441
15.12881321227178,239349.75,0.0,0.1416131854057312,239349.890625,-0.000133873404713336
15.138813212746754,239349.71875,0.0,0.14132776856422424,239349.859375,-0.00013400394923280293
15.148813213221729,239349.703125,0.0,0.1410403549671173,239349.84375,-0.00013406922149253637
15.158813213696703,239349.703125,0.0,0.1407521367073059,239349.84375,-0.00013406922149253637
15.168813214171678,239349.6875,0.0,0.14046277105808258,239349.828125,-0.00013413449375226984
15.178813214646652,239349.640625,0.0,0.14016902446746826,239349.78125,-0.00013433031053147024
15.188813215121627,239349.578125,0.0,0.13988569378852844,239349.71875,-0.0001345913995704041
15.198813215596601,239349.484375,0.0,0.13960620760917664,239349.625,-0.00013498303312880488
15.208813216071576,239349.375,0.0,0.1393241584300995,239349.515625,-0.00013543993894693914
15.21881321654655,239349.25,0.0,0.13904471695423126,239349.390625,-0.00013596211702480686
15.228813217021525,239349.125,0.0,0.1387733817100525,239349.265625,-0.00013648429510267456
15.2388132174965,239348.96875,0.0,0.1385473906993866,239349.109375,-0.00013713701770000922
15.248813217971474,239348.875,0.0,0.13825806975364685,239349.015625,-0.00013752865125841
15.258813218446448,239348.78125,0.0,0.1380002498626709,239348.921875,-0.0001379202848168108
15.268813218921423,239348.6875,0.0,0.13771897554397583,239348.828125,-0.00013831191837521158
15.278813219396397,239348.5625,0.0,0.1374538242816925,239348.703125,-0.0001388340964530793
15.288813219871372,239348.40625,0.0,0.1371934413909912,239348.546875,-0.00013948681905041394
15.298813220346346,239348.328125,0.0,0.1369754523038864,239348.46875,-0.00013981318034908126
15.308813220821321,239348.296875,0.0,0.13672401010990143,239348.4375,-0.0001399437248685482
15.318813221296296,239348.3125,0.0,0.1364661306142807,239348.453125,-0.00013987845260881473
15.32881322177127,239348.28125,0.0,0.13620340824127197,239348.421875,-0.00014000899712828167
15.338813222246245,239348.25,0.0,0.13594573736190796,239348.390625,-0.00014013954164774858
15.348813222721219,239348.15625,0.0,0.13570106029510498,239348.296875,-0.00014053117520614937
15.358813223196194,239348.109375,0.0,0.13545817136764526,239348.25,-0.00014072699198534977
15.368813223671168,239348.0625,0.0,0.13521473109722137,239348.203125,-0.00014092280876455015
15.378813224146143,239348.03125,0.0,0.1349642276763916,239348.171875,-0.0001410533532840171
15.388813224621117,239348.0,0.0,0.13471285998821259,239348.140625,-0.00014118389780348403
15.398813225096092,239347.9375,0.0,0.13446329534053802,239348.078125,-0.00014144498684241788
15.408813225571066,239347.859375,0.0,0.1342075765132904,239348.0,-0.0001417713481410852
15.41881322604604,239347.78125,0.0,0.13395068049430847,239347.921875,-0.00014209770943975254
15.428813226521015,239347.75,0.0,0.133696049451828,239347.890625,-0.00014222825395921945
15.43881322699599,239347.75,0.0,0.1334492266178131,239347.890625,-0.00014222825395921945
15.448813227470964,239347.75,0.0,0.13319574296474457,239347.890625,-0.00014222825395921945
15.458813227945939,239347.78125,0.0,0.13294431567192078,239347.921875,-0.00014209770943975254
15.468813228420913,239347.78125,0.0,0.1326877474784851,239347.90625,-0.00014216298169948598
15.478813228895888,239347.8125,0.0,0.13243255019187927,239347.9375,-0.00014203243718001907
15.488813229370862,239347.84375,0.0,0.13218024373054504,239347.96875,-0.00014190189266055213
15.498813229845837,239347.875,0.0,0.13192373514175415,239348.0,-0.0001417713481410852
15.508813230320811,239347.890625,0.0,0.1316721886396408,239348.015625,-0.00014170607588135175
15.518813230795786,239347.90625,0.0,0.1314329355955124,239348.03125,-0.00014164080362161829
15.52881323127076,239347.9375,0.0,0.1311981976032257,239348.0625,-0.00014151025910215135
15.538813231745735,239347.9375,0.0,0.1309671401977539,239348.0625,-0.00014151025910215135
15.54881323222071,239347.953125,0.0,0.13073262572288513,239348.078125,-0.00014144498684241788
15.558813232695684,239347.96875,0.0,0.13050124049186707,239348.09375,-0.0001413797145826844
15.568813233170658,239348.0,0.0,0.1302722692489624,239348.125,-0.0001412491700632175
15.578813233645633,239348.03125,0.0,0.13003875315189362,239348.15625,-0.00014111862554375056
15.588813234120607,239348.0625,0.0,0.12979909777641296,239348.1875,-0.00014098808102428362
15.598813234595582,239348.0625,0.0,0.12955814599990845,239348.1875,-0.00014098808102428362
15.608813235070556,239348.125,0.0,0.12932005524635315,239348.25,-0.00014072699198534977
15.618813235545531,239348.25,0.0,0.12908746302127838,239348.375,-0.00014020481390748205
15.628813236020505,239348.34375,0.0,0.1288594901561737,239348.46875,-0.00013981318034908126
15.63881323649548,239348.390625,0.0,0.12862718105316162,239348.515625,-0.00013961736356988088
15.648813236970454,239348.421875,0.0,0.12839969992637634,239348.546875,-0.00013948681905041394
15.658813237445429,239348.375,0.0,0.12817353010177612,239348.5,-0.00013968263582961435
15.668813237920403,239348.3125,0.0,0.12794595956802368,239348.4375,-0.0001399437248685482
15.678813238395378,239348.234375,0.0,0.12772196531295776,239348.359375,-0.00014027008616721552
15.688813238870353,239348.171875,0.0,0.12750214338302612,239348.296875,-0.00014053117520614937
15.698813239345327,239348.28125,0.0,0.1273151934146881,239348.40625,-0.00014007426938801514
15.708813239820302,239348.3125,0.0,0.12711019814014435,239348.4375,-0.0001399437248685482
15.718813240295276,239348.375,0.0,0.12690496444702148,239348.5,-0.00013968263582961435
15.72881324077025,239348.375,0.0,0.12670521438121796,239348.5,-0.00013968263582961435
15.738813241245225,239348.40625,0.0,0.1265094131231308,239348.53125,-0.0001395520913101474
15.7488132417202,239348.453125,0.0,0.126315638422966,239348.578125,-0.000139356274530947
15.758813242195174,239348.546875,0.0,0.12612713873386383,239348.671875,-0.00013896464097254622
15.768813242670149,239348.65625,0.0,0.1259436160326004,239348.78125,-0.00013850773515441196
15.778813243145123,239348.75,0.0,0.12576428055763245,239348.875,-0.00013811610159601118
15.788813243620098,239348.84375,0.0,0.12558794021606445,239348.96875,-0.0001377244680376104
15.798813244095072,239348.875,0.0,0.12540818750858307,239349.0,-0.00013759392351814348
15.808813244570047,239348.890625,0.0,0.1252320557832718,239349.015625,-0.00013752865125841
15.818813245045021,239348.921875,0.0,0.12506037950515747,239349.046875,-0.00013739810673894307
15.828813245519996,239348.921875,0.0,0.1248864009976387,239349.046875,-0.00013739810673894307
15.83881324599497,239348.921875,0.0,0.12471315264701843,239349.046875,-0.00013739810673894307
15.848813246469945,239348.921875,0.0,0.12453799694776535,239349.046875,-0.00013739810673894307
15.85881324694492,239348.953125,0.0,0.12437903881072998,239349.078125,-0.00013726756221947613
15.868813247419894,239349.0,0.0,0.1242082342505455,239349.125,-0.00013707174544027575
15.878813247894868,239348.984375,0.0,0.12403638660907745,239349.109375,-0.00013713701770000922
15.888813248369843,239348.984375,0.0,0.12386640906333923,239349.109375,-0.00013713701770000922
15.898813248844817,239348.96875,0.0,0.12370254844427109,239349.09375,-0.0001372022899597427
15.908813249319792,239348.953125,0.0,0.12353309988975525,239349.078125,-0.00013726756221947613
15.918813249794766,239348.921875,0.0,0.1233609989285469,239349.046875,-0.00013739810673894307
15.92881325026974,239348.921875,0.0,0.12319207191467285,239349.046875,-0.00013739810673894307
15.938813250744715,239348.9375,0.0,0.1230248212814331,239349.0625,-0.0001373328344792096
15.94881325121969,239348.96875,0.0,0.12286122143268585,239349.09375,-0.0001372022899597427
15.958813251694664,239349.015625,0.0,0.12270136177539825,239349.140625,-0.00013700647318054228
15.968813252169639,239349.046875,0.0,0.12255074083805084,239349.171875,-0.00013687592866107535
15.978813252644613,239349.046875,0.0,0.12240546196699142,239349.171875,-0.00013687592866107535
15.988813253119588,239349.0,0.0,0.12229013442993164,239349.125,-0.00013707174544027575
15.998813253594562,239348.953125,0.0,0.12212908267974854,239349.078125,-0.00013726756221947613
16.008813254069537,239348.875,0.0,0.12193448841571808,239349.0,-0.00013759392351814348
16.01881325454451,239348.84375,0.0,0.121754489839077,239348.96875,-0.0001377244680376104
16.028813255019486,239348.90625,0.0,0.12158659845590591,239349.03125,-0.00013746337899867654
16.03881325549446,239348.96875,0.0,0.12142811715602875,239349.09375,-0.0001372022899597427
16.048813255969435,239348.9375,0.0,0.12129230797290802,239349.0625,-0.0001373328344792096
16.05881325644441,239348.90625,0.0,0.12115958333015442,239349.03125,-0.00013746337899867654
16.068813256919384,239348.9375,0.0,0.12101328372955322,239349.0625,-0.0001373328344792096
16.07881325739436,239348.9375,0.0,0.12085878849029541,239349.0625,-0.0001373328344792096
16.088813257869333,239348.953125,0.0,0.12070570886135101,239349.078125,-0.00013726756221947613
16.098813258344308,239348.96875,0.0,0.12055635452270508,239349.09375,-0.0001372022899597427
16.108813258819282,239348.984375,0.0,0.12040867656469345,239349.109375,-0.00013713701770000922
16.118813259294257,239349.078125,0.0,0.12026167660951614,239349.203125,-0.00013674538414160844
16.12881325976923,239349.15625,0.0,0.12011954188346863,239349.28125,-0.00013641902284294112
16.138813260244206,239349.1875,0.0,0.11995159834623337,239349.3125,-0.00013628847832347418
16.14881326071918,239349.234375,0.0,0.11979644745588303,239349.359375,-0.00013609266154427377
16.158813261194155,239349.265625,0.0,0.11965540051460266,239349.390625,-0.00013596211702480686
16.16881326166913,239349.3125,0.0,0.11951842159032822,239349.4375,-0.00013576630024560645
16.178813262144104,239349.34375,0.0,0.11938506364822388,239349.46875,-0.00013563575572613952
16.188813262619078,239349.375,0.0,0.11925674229860306,239349.5,-0.0001355052112066726
16.198813263094053,239349.40625,0.0,0.11913293600082397,239349.53125,-0.00013537466668720567
16.208813263569027,239349.4375,0.0,0.11900819092988968,239349.5625,-0.00013524412216773873
16.218813264044,239349.484375,0.0,0.11888706684112549,239349.609375,-0.00013504830538853835
16.228813264518976,239349.5625,0.0,0.11875581741333008,239349.6875,-0.00013472194408987103
16.23881326499395,239349.65625,0.0,0.1186143308877945,239349.78125,-0.00013433031053147024
16.248813265468925,239349.6875,0.0,0.118470199406147,239349.8125,-0.0001341997660120033
16.2588132659439,239349.734375,0.0,0.11833815276622772,239349.859375,-0.00013400394923280293
16.268813266418874,239349.78125,0.0,0.1182217001914978,239349.90625,-0.00013380813245360252
16.27881326689385,239349.765625,0.0,0.11809588968753815,239349.890625,-0.000133873404713336
16.288813267368823,239349.765625,0.0,0.1179753988981247,239349.890625,-0.000133873404713336
16.298813267843798,239349.78125,0.0,0.11784805357456207,239349.90625,-0.00013380813245360252
16.308813268318772,239349.78125,0.0,0.11770856380462646,239349.90625,-0.00013380813245360252
16.318813268793747,239349.78125,0.0,0.11756852269172668,239349.90625,-0.00013380813245360252
16.32881326926872,239349.78125,0.0,0.11742472648620605,239349.90625,-0.00013380813245360252
16.338813269743696,239349.765625,0.0,0.1172775849699974,239349.890625,-0.000133873404713336
16.34881327021867,239349.75,0.0,0.11713103950023651,239349.859375,-0.00013400394923280293
16.358813270693645,239349.71875,0.0,0.11698582768440247,239349.828125,-0.00013413449375226984
16.36881327116862,239349.71875,0.0,0.11683990061283112,239349.828125,-0.00013413449375226984
16.378813271643594,239349.78125,0.0,0.11669205129146576,239349.890625,-0.000133873404713336
16.38881327211857,239349.71875,0.0,0.1165500059723854,239349.828125,-0.00013413449375226984
16.398813272593543,239349.765625,0.0,0.11639732122421265,239349.875,-0.00013393867697306946
16.408813273068517,239349.65625,0.0,0.11624884605407715,239349.765625,-0.0001343955827912037
16.418813273543492,239349.625,0.0,0.11608219146728516,239349.734375,-0.00013452612731067062
16.428813274018466,239349.59375,0.0,0.11592772603034973,239349.703125,-0.00013465667183013756
16.43881327449344,239349.625,0.0,0.11577976495027542,239349.734375,-0.00013452612731067062
16.448813274968415,239349.6875,0.0,0.11560437828302383,239349.796875,-0.00013426503827173678
16.45881327544339,239349.65625,0.0,0.1154458224773407,239349.765625,-0.0001343955827912037
16.468813275918365,239349.65625,0.0,0.11529219895601273,239349.765625,-0.0001343955827912037
16.47881327639334,239349.625,0.0,0.11513475328683853,239349.734375,-0.00013452612731067062
16.488813276868314,239349.59375,0.0,0.11497612297534943,239349.703125,-0.00013465667183013756
16.498813277343288,239349.53125,0.0,0.1148131713271141,239349.640625,-0.0001349177608690714
16.508813277818263,239349.484375,0.0,0.11465194821357727,239349.59375,-0.00013511357764827182
16.518813278293237,239349.4375,0.0,0.114483542740345,239349.546875,-0.0001353093944274722
16.52881327876821,239349.40625,0.0,0.11430932581424713,239349.515625,-0.00013543993894693914
16.538813279243186,239349.390625,0.0,0.11413057148456573,239349.5,-0.0001355052112066726
16.54881327971816,239349.375,0.0,0.11395081877708435,239349.484375,-0.00013557048346640607
16.558813280193135,239349.390625,0.0,0.11376690864562988,239349.5,-0.0001355052112066726
16.56881328066811,239349.375,0.0,0.1135873794555664,239349.484375,-0.00013557048346640607
16.578813281143084,239349.375,0.0,0.11340896785259247,239349.484375,-0.00013557048346640607
16.58881328161806,239349.390625,0.0,0.11322879791259766,239349.5,-0.0001355052112066726
16.598813282093033,239349.40625,0.0,0.11304715275764465,239349.515625,-0.00013543993894693914
16.608813282568008,239349.4375,0.0,0.11286689341068268,239349.546875,-0.0001353093944274722
16.618813283042982,239349.453125,0.0,0.11269176006317139,239349.5625,-0.00013524412216773873
16.628813283517957,239349.5,0.0,0.112517811357975,239349.609375,-0.00013504830538853835
16.63881328399293,239349.5625,0.0,0.1123453676700592,239349.671875,-0.0001347872163496045
16.648813284467906,239349.65625,0.0,0.11217296868562698,239349.765625,-0.0001343955827912037
16.65881328494288,239349.734375,0.0,0.11200391501188278,239349.84375,-0.00013406922149253637
16.668813285417855,239349.8125,0.0,0.11183463037014008,239349.921875,-0.00013374286019386905
16.67881328589283,239349.84375,0.0,0.1116526871919632,239349.953125,-0.0001336123156744021
16.688813286367804,239349.875,0.0,0.11147022247314453,239349.984375,-0.0001334817711549352
16.69881328684278,239349.90625,0.0,0.11129014194011688,239350.015625,-0.00013335122663546826
16.708813287317753,239349.953125,0.0,0.1111127957701683,239350.0625,-0.00013315540985626788
16.718813287792727,239350.0,0.0,0.11094406247138977,239350.109375,-0.00013295959307706748
16.728813288267702,239350.0,0.0,0.11077211797237396,239350.109375,-0.00013295959307706748
16.738813288742676,239350.0,0.0,0.11060349643230438,239350.109375,-0.00013295959307706748
16.74881328921765,239349.96875,0.0,0.11043693125247955,239350.078125,-0.00013309013759653441
16.758813289692625,239350.0,0.0,0.11026943475008011,239350.109375,-0.00013295959307706748
16.7688132901676,239349.96875,0.0,0.11010269075632095,239350.078125,-0.00013309013759653441
16.778813290642574,239349.96875,0.0,0.1099381074309349,239350.078125,-0.00013309013759653441
16.78881329111755,239350.0,0.0,0.10976709425449371,239350.109375,-0.00013295959307706748
16.798813291592523,239350.03125,0.0,0.10959209501743317,239350.140625,-0.00013282904855760054
16.808813292067498,239350.03125,0.0,0.10941065847873688,239350.140625,-0.00013282904855760054
16.818813292542472,239350.0625,0.0,0.10922370851039886,239350.171875,-0.00013269850403813363
16.828813293017447,239350.109375,0.0,0.10904311388731003,239350.21875,-0.00013250268725893322
16.83881329349242,239350.125,0.0,0.1088937371969223,239350.234375,-0.00013243741499919975
16.848813293967396,239350.125,0.0,0.10873699188232422,239350.234375,-0.00013243741499919975
16.85881329444237,239350.140625,0.0,0.10856729745864868,239350.25,-0.0001323721427394663
16.868813294917345,239350.1875,0.0,0.10840786248445511,239350.296875,-0.0001321763259602659
16.87881329539232,239350.234375,0.0,0.10825102031230927,239350.34375,-0.00013198050918106552
16.888813295867294,239350.28125,0.0,0.10809428989887238,239350.390625,-0.00013178469240186512
16.89881329634227,239350.34375,0.0,0.10793770849704742,239350.453125,-0.00013152360336293127
16.908813296817243,239350.40625,0.0,0.10778774321079254,239350.515625,-0.0001312625143239974
16.918813297292218,239350.40625,0.0,0.10763832926750183,239350.515625,-0.0001312625143239974
16.928813297767192,239350.421875,0.0,0.10749289393424988,239350.53125,-0.00013119724206426392
16.938813298242167,239350.34375,0.0,0.10732800513505936,239350.453125,-0.00013152360336293127
16.94881329871714,239350.375,0.0,0.10715923458337784,239350.484375,-0.00013139305884346433
16.958813299192116,239350.40625,0.0,0.1070023626089096,239350.515625,-0.0001312625143239974
16.96881329966709,239350.4375,0.0,0.10684239119291306,239350.546875,-0.00013113196980453048
16.978813300142065,239350.4375,0.0,0.10668201744556427,239350.546875,-0.00013113196980453048
16.98881330061704,239350.453125,0.0,0.1065242663025856,239350.5625,-0.000131066697544797
16.998813301092014,239350.484375,0.0,0.10636590421199799,239350.59375,-0.00013093615302533007
17.00881330156699,239350.5,0.0,0.10620509088039398,239350.609375,-0.0001308708807655966
17.018813302041963,239350.515625,0.0,0.10604212433099747,239350.625,-0.00013080560850586313
17.028813302516937,239350.5,0.0,0.10587935894727707,239350.609375,-0.0001308708807655966
17.03881330299191,239350.5,0.0,0.10571525990962982,239350.609375,-0.0001308708807655966
17.048813303466886,239350.484375,0.0,0.10555647313594818,239350.59375,-0.00013093615302533007
17.05881330394186,239350.46875,0.0,0.10538813471794128,239350.578125,-0.00013100142528506354
17.068813304416835,239350.453125,0.0,0.10522313416004181,239350.5625,-0.000131066697544797
17.07881330489181,239350.40625,0.0,0.10506665706634521,239350.515625,-0.0001312625143239974
17.088813305366784,239350.375,0.0,0.1049111932516098,239350.484375,-0.00013139305884346433
17.09881330584176,239350.328125,0.0,0.10475021600723267,239350.4375,-0.0001315888756226647
17.108813306316733,239350.28125,0.0,0.10457935929298401,239350.390625,-0.00013178469240186512
17.118813306791708,239350.21875,0.0,0.10439929366111755,239350.328125,-0.00013204578144079896
17.128813307266682,239350.1875,0.0,0.10422147810459137,239350.296875,-0.0001321763259602659
17.138813307741657,239350.125,0.0,0.10404292494058609,239350.234375,-0.00013243741499919975
17.14881330821663,239350.09375,0.0,0.10386165976524353,239350.203125,-0.0001325679595186667
17.158813308691606,239350.078125,0.0,0.10367509722709656,239350.1875,-0.00013263323177840016
17.16881330916658,239350.03125,0.0,0.10349211096763611,239350.140625,-0.00013282904855760054
17.178813309641555,239350.015625,0.0,0.1033095270395279,239350.125,-0.000132894320817334
17.18881331011653,239349.96875,0.0,0.10313400626182556,239350.078125,-0.00013309013759653441
17.198813310591504,239349.9375,0.0,0.10296326875686646,239350.046875,-0.00013322068211600133
17.20881331106648,239349.921875,0.0,0.10280422866344452,239350.03125,-0.0001332859543757348
17.218813311541453,239349.90625,0.0,0.10264818370342255,239350.015625,-0.00013335122663546826
17.228813312016428,239349.890625,0.0,0.10248967260122299,239350.0,-0.00013341649889520173
17.238813312491402,239349.890625,0.0,0.10232493281364441,239350.0,-0.00013341649889520173
17.248813312966377,239349.875,0.0,0.10215777903795242,239349.984375,-0.0001334817711549352
17.25881331344135,239349.859375,0.0,0.10199518501758575,239349.96875,-0.00013354704341466867
17.268813313916326,239349.8125,0.0,0.10182390362024307,239349.921875,-0.00013374286019386905
17.2788133143913,239349.78125,0.0,0.10165530443191528,239349.890625,-0.000133873404713336
17.288813314866275,239349.78125,0.0,0.10149024426937103,239349.875,-0.00013393867697306946
17.29881331534125,239349.78125,0.0,0.10134927928447723,239349.875,-0.00013393867697306946
17.308813315816224,239349.78125,0.0,0.1011812761425972,239349.875,-0.00013393867697306946
17.318813316291198,239349.75,0.0,0.10101910680532455,239349.84375,-0.00013406922149253637
17.328813316766173,239349.75,0.0,0.100859135389328,239349.84375,-0.00013406922149253637
17.338813317241147,239349.734375,0.0,0.10070060938596725,239349.828125,-0.00013413449375226984
17.34881331771612,239349.75,0.0,0.10054482519626617,239349.84375,-0.00013406922149253637
17.358813318191096,239349.75,0.0,0.10038618743419647,239349.84375,-0.00013406922149253637
17.36881331866607,239349.75,0.0,0.10022419691085815,239349.84375,-0.00013406922149253637
17.378813319141045,239349.75,0.0,0.100063756108284,239349.84375,-0.00013406922149253637
17.38881331961602,239349.734375,0.0,0.09990060329437256,239349.828125,-0.00013413449375226984
17.398813320090994,239349.75,0.0,0.09974111616611481,239349.84375,-0.00013406922149253637
17.40881332056597,239349.765625,0.0,0.099586121737957,239349.859375,-0.00013400394923280293
17.418813321040943,239349.78125,0.0,0.0994250699877739,239349.875,-0.00013393867697306946
17.428813321515918,239349.8125,0.0,0.09927323460578918,239349.90625,-0.00013380813245360252
17.438813321990892,239349.8125,0.0,0.09912307560443878,239349.90625,-0.00013380813245360252
17.448813322465867,239349.84375,0.0,0.0989711806178093,239349.9375,-0.00013367758793413558
17.45881332294084,239349.890625,0.0,0.09881623089313507,239349.984375,-0.0001334817711549352
17.468813323415816,239349.921875,0.0,0.09866262227296829,239350.015625,-0.00013335122663546826
17.47881332389079,239349.96875,0.0,0.09851326793432236,239350.0625,-0.00013315540985626788
17.488813324365765,239349.96875,0.0,0.09836746752262115,239350.0625,-0.00013315540985626788
17.49881332484074,239350.0,0.0,0.09822110086679459,239350.09375,-0.00013302486533680095
17.508813325315714,239349.96875,0.0,0.09807635098695755,239350.0625,-0.00013315540985626788
17.51881332579069,239349.9375,0.0,0.09793013334274292,239350.03125,-0.0001332859543757348
17.528813326265663,239349.90625,0.0,0.09778118133544922,239350.0,-0.00013341649889520173
17.538813326740637,239349.90625,0.0,0.09762780368328094,239350.0,-0.00013341649889520173
17.548813327215612,239349.859375,0.0,0.09747495502233505,239349.953125,-0.0001336123156744021
17.558813327690586,239349.8125,0.0,0.0973229706287384,239349.90625,-0.00013380813245360252
17.56881332816556,239349.78125,0.0,0.09717096388339996,239349.875,-0.00013393867697306946
17.578813328640535,239349.84375,0.0,0.09701552242040634,239349.9375,-0.00013367758793413558
17.58881332911551,239349.84375,0.0,0.0968606173992157,239349.9375,-0.00013367758793413558
17.598813329590484,239349.84375,0.0,0.09670967608690262,239349.9375,-0.00013367758793413558
17.60881333006546,239349.828125,0.0,0.09656485170125961,239349.921875,-0.00013374286019386905
17.618813330540434,239349.78125,0.0,0.09642160683870316,239349.875,-0.00013393867697306946
17.628813331015408,239349.75,0.0,0.09628062695264816,239349.84375,-0.00013406922149253637
17.638813331490383,239349.71875,0.0,0.096138596534729,239349.8125,-0.0001341997660120033
17.648813331965357,239349.71875,0.0,0.09599806368350983,239349.8125,-0.0001341997660120033
17.65881333244033,239349.703125,0.0,0.09585922956466675,239349.796875,-0.00013426503827173678
17.668813332915306,239349.703125,0.0,0.09571747481822968,239349.796875,-0.00013426503827173678
17.67881333339028,239349.6875,0.0,0.09557421505451202,239349.78125,-0.00013433031053147024
17.688813333865255,239349.703125,0.0,0.09543085843324661,239349.796875,-0.00013426503827173678
17.69881333434023,239349.6875,0.0,0.09528742730617523,239349.78125,-0.00013433031053147024
17.708813334815204,239349.65625,0.0,0.09514151513576508,239349.75,-0.00013446085505093716
17.71881333529018,239349.625,0.0,0.0949978232383728,239349.71875,-0.0001345913995704041
17.728813335765153,239349.5625,0.0,0.0948549434542656,239349.65625,-0.00013485248860933794
17.738813336240128,239349.53125,0.0,0.09471534937620163,239349.625,-0.00013498303312880488
17.748813336715102,239349.5,0.0,0.09457442164421082,239349.59375,-0.00013511357764827182
17.758813337190077,239349.46875,0.0,0.09443271160125732,239349.5625,-0.00013524412216773873
17.76881333766505,239349.4375,0.0,0.0942884236574173,239349.53125,-0.00013537466668720567
17.778813338140026,239349.4375,0.0,0.0941440537571907,239349.53125,-0.00013537466668720567
17.788813338615,239349.390625,0.0,0.09400060772895813,239349.484375,-0.00013557048346640607
17.798813339089975,239349.359375,0.0,0.09385703504085541,239349.453125,-0.00013570102798587299
17.80881333956495,239349.3125,0.0,0.09371691942214966,239349.40625,-0.0001358968447650734
17.818813340039924,239349.28125,0.0,0.09358003735542297,239349.375,-0.00013602738928454033
17.8288133405149,239349.25,0.0,0.09344112873077393,239349.34375,-0.00013615793380400724
17.838813340989873,239349.203125,0.0,0.0933016762137413,239349.296875,-0.00013635375058320765
17.848813341464847,239349.171875,0.0,0.09316198527812958,239349.265625,-0.00013648429510267456
17.858813341939822,239349.15625,0.0,0.09302522242069244,239349.25,-0.00013654956736240803
17.868813342414796,239349.125,0.0,0.09288733452558517,239349.21875,-0.00013668011188187497
17.87881334288977,239349.109375,0.0,0.09273623675107956,239349.203125,-0.00013674538414160844
17.888813343364745,239349.0625,0.0,0.09259066730737686,239349.15625,-0.00013694120092080881
17.89881334383972,239349.046875,0.0,0.09244796633720398,239349.140625,-0.00013700647318054228
17.908813344314694,239349.03125,0.0,0.09230922162532806,239349.125,-0.00013707174544027575
17.91881334478967,239349.015625,0.0,0.09217128902673721,239349.109375,-0.00013713701770000922
17.928813345264643,239349.0,0.0,0.0920330286026001,239349.09375,-0.0001372022899597427
17.938813345739618,239348.96875,0.0,0.09189419448375702,239349.0625,-0.0001373328344792096
17.948813346214592,239348.90625,0.0,0.09176449477672577,239349.0,-0.00013759392351814348
17.958813346689567,239348.859375,0.0,0.09160929918289185,239348.953125,-0.00013778974029734386
17.96881334716454,239348.84375,0.0,0.09146136045455933,239348.9375,-0.00013785501255707733
17.978813347639516,239348.828125,0.0,0.09132370352745056,239348.921875,-0.0001379202848168108
17.98881334811449,239348.8125,0.0,0.09118597954511642,239348.90625,-0.00013798555707654426
17.998813348589465,239348.78125,0.0,0.09105287492275238,239348.875,-0.00013811610159601118
18.00881334906444,239348.765625,0.0,0.0909200981259346,239348.859375,-0.00013818137385574464
18.018813349539414,239348.75,0.0,0.09078720211982727,239348.84375,-0.00013824664611547811
18.02881335001439,239348.75,0.0,0.09065195918083191,239348.84375,-0.00013824664611547811
18.038813350489363,239348.71875,0.0,0.09051373600959778,239348.8125,-0.00013837719063494505
18.048813350964338,239348.71875,0.0,0.09037752449512482,239348.8125,-0.00013837719063494505
18.058813351439312,239348.703125,0.0,0.09024234861135483,239348.796875,-0.00013844246289467852
18.068813351914287,239348.6875,0.0,0.09010955691337585,239348.78125,-0.00013850773515441196
18.07881335238926,239348.703125,0.0,0.08997710049152374,239348.796875,-0.00013844246289467852
18.088813352864236,239348.6875,0.0,0.08984586596488953,239348.78125,-0.00013850773515441196
18.09881335333921,239348.6875,0.0,0.08971609175205231,239348.78125,-0.00013850773515441196
18.108813353814185,239348.65625,0.0,0.08958569169044495,239348.75,-0.0001386382796738789
18.11881335428916,239348.65625,0.0,0.0894586592912674,239348.75,-0.0001386382796738789
18.128813354764134,239348.625,0.0,0.08933472633361816,239348.71875,-0.00013876882419334584
18.138813355239108,239348.625,0.0,0.08920805156230927,239348.71875,-0.00013876882419334584
18.148813355714083,239348.625,0.0,0.08908122032880783,239348.71875,-0.00013876882419334584
18.158813356189057,239348.625,0.0,0.08895115554332733,239348.71875,-0.00013876882419334584
18.16881335666403,239348.625,0.0,0.08881993591785431,239348.71875,-0.00013876882419334584
18.178813357139006,239348.625,0.0,0.08868934959173203,239348.71875,-0.00013876882419334584
18.18881335761398,239348.625,0.0,0.08855804800987244,239348.71875,-0.00013876882419334584
18.198813358088955,239348.640625,0.0,0.08842524886131287,239348.734375,-0.00013870355193361237
18.20881335856393,239348.65625,0.0,0.08829137682914734,239348.75,-0.0001386382796738789
18.218813359038904,239348.65625,0.0,0.08815687894821167,239348.75,-0.0001386382796738789
18.22881335951388,239348.6875,0.0,0.08802558481693268,239348.78125,-0.00013850773515441196
18.238813359988853,239348.6875,0.0,0.08789657056331635,239348.78125,-0.00013850773515441196
18.248813360463828,239348.71875,0.0,0.08776707947254181,239348.8125,-0.00013837719063494505
18.258813360938802,239348.78125,0.0,0.0876389667391777,239348.875,-0.00013811610159601118
18.268813361413777,239348.796875,0.0,0.08750791847705841,239348.890625,-0.00013805082933627773
18.27881336188875,239348.84375,0.0,0.08738134056329727,239348.9375,-0.00013785501255707733
18.288813362363726,239348.859375,0.0,0.08725207298994064,239348.953125,-0.00013778974029734386
18.2988133628387,239348.890625,0.0,0.08712413907051086,239348.984375,-0.00013765919577787695
18.308813363313675,239348.921875,0.0,0.08699686825275421,239349.015625,-0.00013752865125841
18.31881336378865,239348.96875,0.0,0.08686976879835129,239349.0625,-0.0001373328344792096
18.328813364263624,239349.0,0.0,0.08674192428588867,239349.09375,-0.0001372022899597427
18.3388133647386,239349.03125,0.0,0.08661621809005737,239349.125,-0.00013707174544027575
18.348813365213573,239349.0625,0.0,0.0864906758069992,239349.15625,-0.00013694120092080881
18.358813365688547,239349.09375,0.0,0.08636399358510971,239349.1875,-0.0001368106564013419
18.368813366163522,239349.125,0.0,0.08622689545154572,239349.21875,-0.00013668011188187497
18.378813366638497,239349.15625,0.0,0.08609262853860855,239349.25,-0.00013654956736240803
18.38881336711347,239349.203125,0.0,0.08596909791231155,239349.296875,-0.00013635375058320765
18.398813367588446,239349.234375,0.0,0.08584906160831451,239349.3125,-0.00013628847832347418
18.40881336806342,239349.265625,0.0,0.08573220670223236,239349.34375,-0.00013615793380400724
18.418813368538395,239349.296875,0.0,0.08561601489782333,239349.375,-0.00013602738928454033
18.42881336901337,239349.3125,0.0,0.08550666272640228,239349.390625,-0.00013596211702480686
18.438813369488344,239349.34375,0.0,0.08538933098316193,239349.421875,-0.00013583157250533992
18.448813369963318,239349.34375,0.0,0.08526934683322906,239349.421875,-0.00013583157250533992
18.458813370438293,239349.34375,0.0,0.08514940738677979,239349.421875,-0.00013583157250533992
18.468813370913267,239349.34375,0.0,0.08502966165542603,239349.421875,-0.00013583157250533992
18.47881337138824,239349.359375,0.0,0.08490925282239914,239349.4375,-0.00013576630024560645
18.488813371863216,239349.34375,0.0,0.0847882553935051,239349.421875,-0.00013583157250533992
18.49881337233819,239349.34375,0.0,0.08466672152280807,239349.421875,-0.00013583157250533992
18.508813372813165,239349.359375,0.0,0.08454810082912445,239349.4375,-0.00013576630024560645
18.51881337328814,239349.34375,0.0,0.08442772924900055,239349.421875,-0.00013583157250533992
18.528813373763114,239349.34375,0.0,0.08430936187505722,239349.421875,-0.00013583157250533992
18.53881337423809,239349.34375,0.0,0.0841924250125885,239349.421875,-0.00013583157250533992
18.548813374713063,239349.328125,0.0,0.08407838642597198,239349.40625,-0.0001358968447650734
18.558813375188038,239349.3125,0.0,0.08396346867084503,239349.390625,-0.00013596211702480686
18.568813375663012,239349.3125,0.0,0.0838494524359703,239349.390625,-0.00013596211702480686
18.578813376137987,239349.3125,0.0,0.08373867720365524,239349.390625,-0.00013596211702480686
18.58881337661296,239349.3125,0.0,0.0836278647184372,239349.390625,-0.00013596211702480686
18.598813377087936,239349.3125,0.0,0.08352107554674149,239349.390625,-0.00013596211702480686
18.60881337756291,239349.3125,0.0,0.0834108293056488,239349.390625,-0.00013596211702480686
18.618813378037885,239349.3125,0.0,0.0832977443933487,239349.390625,-0.00013596211702480686
18.62881337851286,239349.296875,0.0,0.08318012207746506,239349.375,-0.00013602738928454033
18.638813378987834,239349.296875,0.0,0.0830669105052948,239349.375,-0.00013602738928454033
18.64881337946281,239349.328125,0.0,0.08295922726392746,239349.40625,-0.0001358968447650734
18.658813379937783,239349.34375,0.0,0.08285349607467651,239349.421875,-0.00013583157250533992
18.668813380412757,239349.34375,0.0,0.0827488824725151,239349.421875,-0.00013583157250533992
18.678813380887732,239349.34375,0.0,0.08264331519603729,239349.421875,-0.00013583157250533992
18.688813381362706,239349.34375,0.0,0.08253853768110275,239349.421875,-0.00013583157250533992
18.69881338183768,239349.34375,0.0,0.08243712037801743,239349.421875,-0.00013583157250533992
18.708813382312655,239349.359375,0.0,0.08233778178691864,239349.4375,-0.00013576630024560645
18.71881338278763,239349.421875,0.0,0.08224916458129883,239349.5,-0.0001355052112066726
18.728813383262604,239349.59375,0.0,0.08212144672870636,239349.671875,-0.0001347872163496045
18.73881338373758,239349.71875,0.0,0.08197090774774551,239349.796875,-0.00013426503827173678
18.748813384212554,239349.71875,0.0,0.08186836540699005,239349.796875,-0.00013426503827173678
18.758813384687528,239349.734375,0.0,0.08177080750465393,239349.8125,-0.0001341997660120033
18.768813385162503,239349.734375,0.0,0.08167888224124908,239349.8125,-0.0001341997660120033
18.778813385637477,239349.796875,0.0,0.08161130547523499,239349.875,-0.00013393867697306946
18.78881338611245,239349.8125,0.0,0.08153066039085388,239349.890625,-0.000133873404713336
18.798813386587426,239349.875,0.0,0.08144395798444748,239349.953125,-0.0001336123156744021
18.8088133870624,239349.90625,0.0,0.08135801553726196,239349.984375,-0.0001334817711549352
18.818813387537375,239349.90625,0.0,0.08127360045909882,239349.984375,-0.0001334817711549352
18.82881338801235,239349.90625,0.0,0.08119087666273117,239349.984375,-0.0001334817711549352
18.838813388487324,239349.90625,0.0,0.08110964298248291,239349.984375,-0.0001334817711549352
18.8488133889623,239349.90625,0.0,0.08103005588054657,239349.984375,-0.0001334817711549352
18.858813389437273,239349.921875,0.0,0.08094947785139084,239350.0,-0.00013341649889520173
18.868813389912248,239349.90625,0.0,0.0808657705783844,239349.984375,-0.0001334817711549352
18.878813390387222,239349.9375,0.0,0.08077883720397949,239350.015625,-0.00013335122663546826
18.888813390862197,239349.9375,0.0,0.08069206774234772,239350.015625,-0.00013335122663546826
18.89881339133717,239349.953125,0.0,0.0806075930595398,239350.03125,-0.0001332859543757348
18.908813391812146,239349.9375,0.0,0.08052507042884827,239350.015625,-0.00013335122663546826
18.91881339228712,239349.90625,0.0,0.08044778555631638,239349.984375,-0.0001334817711549352
18.928813392762095,239349.90625,0.0,0.08037196844816208,239349.984375,-0.0001334817711549352
18.93881339323707,239349.875,0.0,0.08029137551784515,239349.953125,-0.0001336123156744021
18.948813393712044,239349.84375,0.0,0.08020730316638947,239349.921875,-0.00013374286019386905
18.95881339418702,239349.8125,0.0,0.08012227714061737,239349.890625,-0.000133873404713336
18.968813394661993,239349.765625,0.0,0.08003801107406616,239349.84375,-0.00013406922149253637
18.978813395136967,239349.75,0.0,0.07995113730430603,239349.828125,-0.00013413449375226984
18.988813395611942,239349.71875,0.0,0.07986404001712799,239349.796875,-0.00013426503827173678
18.998813396086916,239349.71875,0.0,0.07977332919836044,239349.796875,-0.00013426503827173678
19.00881339656189,239349.75,0.0,0.07968426495790482,239349.828125,-0.00013413449375226984
19.018813397036865,239349.734375,0.0,0.0795978382229805,239349.8125,-0.0001341997660120033
19.02881339751184,239349.734375,0.0,0.07951390743255615,239349.8125,-0.0001341997660120033
19.038813397986814,239349.765625,0.0,0.07942983508110046,239349.84375,-0.00013406922149253637
19.04881339846179,239349.8125,0.0,0.079347625374794,239349.890625,-0.000133873404713336
19.058813398936763,239349.828125,0.0,0.07926797866821289,239349.90625,-0.00013380813245360252
19.068813399411738,239349.84375,0.0,0.07918855547904968,239349.921875,-0.00013374286019386905
19.078813399886712,239349.84375,0.0,0.07911074161529541,239349.921875,-0.00013374286019386905
19.088813400361687,239349.859375,0.0,0.07903394103050232,239349.9375,-0.00013367758793413558
19.09881340083666,239349.84375,0.0,0.07895942777395248,239349.921875,-0.00013374286019386905
19.108813401311636,239349.84375,0.0,0.07888492941856384,239349.921875,-0.00013374286019386905
19.11881340178661,239349.859375,0.0,0.07880882918834686,239349.9375,-0.00013367758793413558
19.128813402261585,239349.875,0.0,0.07873241603374481,239349.953125,-0.0001336123156744021
19.13881340273656,239349.890625,0.0,0.07865461707115173,239349.96875,-0.00013354704341466867
19.148813403211534,239349.90625,0.0,0.07857609540224075,239349.984375,-0.0001334817711549352
19.15881340368651,239349.921875,0.0,0.07849501073360443,239350.0,-0.00013341649889520173
19.168813404161483,239349.921875,0.0,0.0784175917506218,239350.0,-0.00013341649889520173
19.178813404636458,239349.953125,0.0,0.07834011316299438,239350.03125,-0.0001332859543757348
19.188813405111432,239349.96875,0.0,0.07826293259859085,239350.046875,-0.00013322068211600133
19.198813405586407,239349.96875,0.0,0.07818420231342316,239350.046875,-0.00013322068211600133
19.20881340606138,239349.953125,0.0,0.0781046450138092,239350.03125,-0.0001332859543757348
19.218813406536356,239349.9375,0.0,0.07802551984786987,239350.015625,-0.00013335122663546826
19.22881340701133,239349.90625,0.0,0.07794808596372604,239349.984375,-0.0001334817711549352
19.238813407486305,239349.890625,0.0,0.07786991447210312,239349.96875,-0.00013354704341466867
19.24881340796128,239349.875,0.0,0.07779084146022797,239349.953125,-0.0001336123156744021
19.258813408436254,239349.84375,0.0,0.07771225273609161,239349.921875,-0.00013374286019386905
19.268813408911228,239349.8125,0.0,0.07763296365737915,239349.890625,-0.000133873404713336
19.278813409386203,239349.796875,0.0,0.07755419611930847,239349.875,-0.00013393867697306946
19.288813409861177,239349.765625,0.0,0.0774763748049736,239349.84375,-0.00013406922149253637
19.29881341033615,239349.75,0.0,0.07739849388599396,239349.828125,-0.00013413449375226984
19.308813410811126,239349.71875,0.0,0.07732195407152176,239349.796875,-0.00013426503827173678
19.3188134112861,239349.71875,0.0,0.0772467628121376,239349.796875,-0.00013426503827173678
19.328813411761075,239349.703125,0.0,0.07717397063970566,239349.78125,-0.00013433031053147024
19.33881341223605,239349.6875,0.0,0.07709892094135284,239349.765625,-0.0001343955827912037
19.348813412711024,239349.703125,0.0,0.07702276110649109,239349.78125,-0.00013433031053147024
19.358813413186,239349.71875,0.0,0.07694537937641144,239349.796875,-0.00013426503827173678
19.368813413660973,239349.71875,0.0,0.07686726748943329,239349.796875,-0.00013426503827173678
19.378813414135948,239349.734375,0.0,0.07678887993097305,239349.8125,-0.0001341997660120033
19.388813414610922,239349.75,0.0,0.07671177387237549,239349.828125,-0.00013413449375226984
19.398813415085897,239349.75,0.0,0.07663828134536743,239349.828125,-0.00013413449375226984
19.40881341556087,239349.734375,0.0,0.0765656977891922,239349.8125,-0.0001341997660120033
19.418813416035846,239349.71875,0.0,0.07649891823530197,239349.796875,-0.00013426503827173678
19.42881341651082,239349.734375,0.0,0.07643301784992218,239349.8125,-0.0001341997660120033
19.438813416985795,239349.71875,0.0,0.07636755704879761,239349.796875,-0.00013426503827173678
19.44881341746077,239349.734375,0.0,0.07630009949207306,239349.8125,-0.0001341997660120033
19.458813417935744,239349.75,0.0,0.07623080909252167,239349.828125,-0.00013413449375226984
19.46881341841072,239349.75,0.0,0.07616125047206879,239349.828125,-0.00013413449375226984
19.478813418885693,239349.734375,0.0,0.07609277963638306,239349.8125,-0.0001341997660120033
19.488813419360667,239349.734375,0.0,0.07602539658546448,239349.8125,-0.0001341997660120033
19.498813419835642,239349.71875,0.0,0.07596121728420258,239349.796875,-0.00013426503827173678
19.508813420310616,239349.6875,0.0,0.07590077817440033,239349.765625,-0.0001343955827912037
19.51881342078559,239349.65625,0.0,0.07584362477064133,239349.734375,-0.00013452612731067062
19.528813421260566,239349.625,0.0,0.07578589767217636,239349.703125,-0.00013465667183013756
19.53881342173554,239349.625,0.0,0.07572706788778305,239349.703125,-0.00013465667183013756
19.548813422210515,239349.625,0.0,0.07566514611244202,239349.703125,-0.00013465667183013756
19.55881342268549,239349.625,0.0,0.07560203224420547,239349.703125,-0.00013465667183013756
19.568813423160464,239349.65625,0.0,0.07554860413074493,239349.734375,-0.00013452612731067062
19.578813423635438,239349.59375,0.0,0.07549603283405304,239349.671875,-0.0001347872163496045
19.588813424110413,239349.546875,0.0,0.07542914152145386,239349.625,-0.00013498303312880488
19.598813424585387,239349.5625,0.0,0.07536011934280396,239349.640625,-0.0001349177608690714
19.60881342506036,239349.53125,0.0,0.07530033588409424,239349.609375,-0.00013504830538853835
19.618813425535336,239349.5,0.0,0.07522232830524445,239349.578125,-0.0001351788499080053
19.62881342601031,239349.46875,0.0,0.07513746619224548,239349.546875,-0.0001353093944274722
19.638813426485285,239349.4375,0.0,0.07506565004587173,239349.515625,-0.00013543993894693914
19.64881342696026,239349.4375,0.0,0.07499030977487564,239349.515625,-0.00013543993894693914
19.658813427435234,239349.4375,0.0,0.07491884380578995,239349.515625,-0.00013543993894693914
19.66881342791021,239349.421875,0.0,0.07485733926296234,239349.5,-0.0001355052112066726
19.678813428385183,239349.40625,0.0,0.07478794455528259,239349.484375,-0.00013557048346640607
19.688813428860158,239349.40625,0.0,0.07471074908971786,239349.484375,-0.00013557048346640607
19.698813429335132,239349.40625,0.0,0.07463507354259491,239349.484375,-0.00013557048346640607
19.708813429810107,239349.375,0.0,0.07456246018409729,239349.453125,-0.00013570102798587299
19.71881343028508,239349.375,0.0,0.07448943704366684,239349.453125,-0.00013570102798587299
19.728813430760056,239349.40625,0.0,0.0744183361530304,239349.484375,-0.00013557048346640607
19.73881343123503,239349.375,0.0,0.0743485763669014,239349.453125,-0.00013570102798587299
19.748813431710005,239349.359375,0.0,0.07427904009819031,239349.4375,-0.00013576630024560645
19.75881343218498,239349.34375,0.0,0.07421036064624786,239349.421875,-0.00013583157250533992
19.768813432659954,239349.3125,0.0,0.0741414874792099,239349.390625,-0.00013596211702480686
19.77881343313493,239349.296875,0.0,0.07407243549823761,239349.375,-0.00013602738928454033
19.788813433609903,239349.28125,0.0,0.0740031749010086,239349.359375,-0.00013609266154427377
19.798813434084877,239349.28125,0.0,0.07393287122249603,239349.359375,-0.00013609266154427377
19.808813434559852,239349.28125,0.0,0.07386227697134018,239349.359375,-0.00013609266154427377
19.818813435034826,239349.28125,0.0,0.07379164546728134,239349.359375,-0.00013609266154427377
19.8288134355098,239349.25,0.0,0.0737219899892807,239349.328125,-0.0001362232060637407
19.838813435984775,239349.25,0.0,0.07365278154611588,239349.328125,-0.0001362232060637407
19.84881343645975,239349.265625,0.0,0.07358336448669434,239349.34375,-0.00013615793380400724
19.858813436934724,239349.25,0.0,0.07351355254650116,239349.328125,-0.0001362232060637407
19.8688134374097,239349.265625,0.0,0.0734465941786766,239349.34375,-0.00013615793380400724
19.878813437884673,239349.28125,0.0,0.07336848229169846,239349.359375,-0.00013609266154427377
19.888813438359648,239349.28125,0.0,0.07329830527305603,239349.359375,-0.00013609266154427377
19.898813438834623,239349.28125,0.0,0.07323379814624786,239349.359375,-0.00013609266154427377
19.908813439309597,239349.28125,0.0,0.07316586375236511,239349.359375,-0.00013609266154427377
19.91881343978457,239349.28125,0.0,0.07310160994529724,239349.359375,-0.00013609266154427377
19.928813440259546,239349.28125,0.0,0.07305382192134857,239349.359375,-0.00013609266154427377
19.93881344073452,239349.3125,0.0,0.07298561930656433,239349.390625,-0.00013596211702480686
19.948813441209495,239349.3125,0.0,0.07291672378778458,239349.390625,-0.00013596211702480686
19.95881344168447,239349.28125,0.0,0.07284431159496307,239349.359375,-0.00013609266154427377
19.968813442159444,239349.25,0.0,0.07277573645114899,239349.328125,-0.0001362232060637407
19.97881344263442,239349.21875,0.0,0.07270132750272751,239349.296875,-0.00013635375058320765
19.988813443109393,239349.15625,0.0,0.07262222468852997,239349.234375,-0.0001366148396221415
19.998813443584368,239349.140625,0.0,0.07254752516746521,239349.21875,-0.00013668011188187497
20.008813444059342,239349.140625,0.0,0.07247403264045715,239349.21875,-0.00013668011188187497
20.018813444534317,239349.15625,0.0,0.07240018248558044,239349.234375,-0.0001366148396221415
20.02881344500929,239349.15625,0.0,0.07233051210641861,239349.234375,-0.0001366148396221415
20.038813445484266,239349.140625,0.0,0.07226377725601196,239349.21875,-0.00013668011188187497
20.04881344595924,239349.140625,0.0,0.07219715416431427,239349.21875,-0.00013668011188187497
20.058813446434215,239349.125,0.0,0.07213194668292999,239349.203125,-0.00013674538414160844
20.06881344690919,239349.140625,0.0,0.07206793129444122,239349.21875,-0.00013668011188187497
20.078813447384164,239349.125,0.0,0.07200615108013153,239349.203125,-0.00013674538414160844
20.08881344785914,239349.140625,0.0,0.07194282859563828,239349.21875,-0.00013668011188187497
20.098813448334113,239349.15625,0.0,0.07187958061695099,239349.234375,-0.0001366148396221415
20.108813448809087,239349.15625,0.0,0.07181589305400848,239349.234375,-0.0001366148396221415
20.118813449284062,239349.140625,0.0,0.07173888385295868,239349.21875,-0.00013668011188187497
20.128813449759036,239349.15625,0.0,0.07166183739900589,239349.234375,-0.0001366148396221415
20.13881345023401,239349.171875,0.0,0.07159334421157837,239349.25,-0.00013654956736240803
20.148813450708985,239349.1875,0.0,0.07152535021305084,239349.265625,-0.00013648429510267456
20.15881345118396,239349.1875,0.0,0.07147664576768875,239349.265625,-0.00013648429510267456
20.168813451658934,239349.1875,0.0,0.07142505049705505,239349.265625,-0.00013648429510267456
20.17881345213391,239349.1875,0.0,0.07135533541440964,239349.265625,-0.00013648429510267456
20.188813452608883,239349.171875,0.0,0.07128964364528656,239349.25,-0.00013654956736240803
20.198813453083858,239349.15625,0.0,0.07122670859098434,239349.234375,-0.0001366148396221415
20.208813453558832,239349.15625,0.0,0.07116226851940155,239349.234375,-0.0001366148396221415
20.218813454033807,239349.125,0.0,0.07109694927930832,239349.203125,-0.00013674538414160844
20.22881345450878,239349.125,0.0,0.07103156298398972,239349.203125,-0.00013674538414160844
20.238813454983756,239349.09375,0.0,0.07096530497074127,239349.171875,-0.00013687592866107535
20.24881345545873,239349.09375,0.0,0.07089690864086151,239349.171875,-0.00013687592866107535
20.258813455933705,239349.078125,0.0,0.07082870602607727,239349.15625,-0.00013694120092080881
20.26881345640868,239349.0625,0.0,0.07076127082109451,239349.140625,-0.00013700647318054228
20.278813456883654,239349.0625,0.0,0.070695661008358,239349.140625,-0.00013700647318054228
20.28881345735863,239349.046875,0.0,0.07063062489032745,239349.125,-0.00013707174544027575
20.298813457833603,239349.03125,0.0,0.07056493312120438,239349.109375,-0.00013713701770000922
20.308813458308578,239349.03125,0.0,0.07049991935491562,239349.109375,-0.00013713701770000922
20.318813458783552,239349.015625,0.0,0.07043588906526566,239349.09375,-0.0001372022899597427
20.328813459258527,239349.0,0.0,0.07037189602851868,239349.078125,-0.00013726756221947613
20.3388134597335,239349.0,0.0,0.07030747830867767,239349.0625,-0.0001373328344792096
20.348813460208476,239348.984375,0.0,0.07024350762367249,239349.046875,-0.00013739810673894307
20.35881346068345,239348.96875,0.0,0.07017937302589417,239349.03125,-0.00013746337899867654
20.368813461158425,239348.9375,0.0,0.07011604309082031,239349.0,-0.00013759392351814348
20.3788134616334,239348.9375,0.0,0.07005275040864944,239349.0,-0.00013759392351814348
20.388813462108374,239348.9375,0.0,0.06998981535434723,239349.0,-0.00013759392351814348
20.398813462583348,239348.9375,0.0,0.06992751359939575,239349.0,-0.00013759392351814348
20.408813463058323,239348.90625,0.0,0.0698636919260025,239348.96875,-0.0001377244680376104
20.418813463533297,239348.890625,0.0,0.06980064511299133,239348.953125,-0.00013778974029734386
20.42881346400827,239348.875,0.0,0.06973831355571747,239348.9375,-0.00013785501255707733
20.438813464483246,239348.84375,0.0,0.06967633962631226,239348.90625,-0.00013798555707654426
20.44881346495822,239348.8125,0.0,0.06961324065923691,239348.875,-0.00013811610159601118
20.458813465433195,239348.8125,0.0,0.06955081224441528,239348.875,-0.00013811610159601118
20.46881346590817,239348.8125,0.0,0.06949319690465927,239348.875,-0.00013811610159601118
20.478813466383144,239348.8125,0.0,0.0694294273853302,239348.875,-0.00013811610159601118
20.48881346685812,239348.796875,0.0,0.06936348229646683,239348.859375,-0.00013818137385574464
20.498813467333093,239348.78125,0.0,0.06929720938205719,239348.84375,-0.00013824664611547811
20.508813467808068,239348.765625,0.0,0.06923135370016098,239348.828125,-0.00013831191837521158
20.518813468283042,239348.78125,0.0,0.06916579604148865,239348.84375,-0.00013824664611547811
20.528813468758017,239348.78125,0.0,0.06910064816474915,239348.84375,-0.00013824664611547811
20.53881346923299,239348.765625,0.0,0.06903569400310516,239348.828125,-0.00013831191837521158
20.548813469707966,239348.765625,0.0,0.06897057592868805,239348.828125,-0.00013831191837521158
20.55881347018294,239348.78125,0.0,0.06890442967414856,239348.84375,-0.00013824664611547811
20.568813470657915,239348.78125,0.0,0.06884048879146576,239348.84375,-0.00013824664611547811
20.57881347113289,239348.796875,0.0,0.06877781450748444,239348.859375,-0.00013818137385574464
20.588813471607864,239348.78125,0.0,0.06871636211872101,239348.84375,-0.00013824664611547811
20.59881347208284,239348.78125,0.0,0.06866374611854553,239348.84375,-0.00013824664611547811
20.608813472557813,239348.75,0.0,0.0686051994562149,239348.8125,-0.00013837719063494505
20.618813473032787,239348.734375,0.0,0.06854375451803207,239348.796875,-0.00013844246289467852
20.628813473507762,239348.71875,0.0,0.06848032772541046,239348.78125,-0.00013850773515441196
20.638813473982736,239348.703125,0.0,0.06841741502285004,239348.765625,-0.00013857300741414543
20.64881347445771,239348.703125,0.0,0.0683550238609314,239348.765625,-0.00013857300741414543
20.658813474932685,239348.6875,0.0,0.0682935118675232,239348.75,-0.0001386382796738789
20.66881347540766,239348.65625,0.0,0.06823386251926422,239348.71875,-0.00013876882419334584
20.678813475882635,239348.625,0.0,0.06817346811294556,239348.6875,-0.00013889936871281275
20.68881347635761,239348.625,0.0,0.06811372935771942,239348.6875,-0.00013889936871281275
20.698813476832584,239348.59375,0.0,0.06805332005023956,239348.65625,-0.0001390299132322797
20.708813477307558,239348.578125,0.0,0.06799311190843582,239348.640625,-0.00013909518549201316
20.718813477782533,239348.5625,0.0,0.06793269515037537,239348.625,-0.00013916045775174663
20.728813478257507,239348.546875,0.0,0.06787258386611938,239348.609375,-0.0001392257300114801
20.73881347873248,239348.53125,0.0,0.06781358271837234,239348.59375,-0.00013929100227121354
20.748813479207456,239348.515625,0.0,0.0677548199892044,239348.578125,-0.000139356274530947
20.75881347968243,239348.5,0.0,0.06769658625125885,239348.5625,-0.00013942154679068047
20.768813480157405,239348.5,0.0,0.06763893365859985,239348.5625,-0.00013942154679068047
20.77881348063238,239348.5,0.0,0.06758081912994385,239348.5625,-0.00013942154679068047
20.788813481107354,239348.5,0.0,0.06752411276102066,239348.5625,-0.00013942154679068047
20.79881348158233,239348.5,0.0,0.06746621429920197,239348.5625,-0.00013942154679068047
20.808813482057303,239348.484375,0.0,0.06740862131118774,239348.546875,-0.00013948681905041394
20.818813482532278,239348.46875,0.0,0.06735145300626755,239348.53125,-0.0001395520913101474
20.828813483007252,239348.46875,0.0,0.06729456037282944,239348.53125,-0.0001395520913101474
20.838813483482227,239348.46875,0.0,0.06723777949810028,239348.53125,-0.0001395520913101474
20.8488134839572,239348.46875,0.0,0.06718133389949799,239348.53125,-0.0001395520913101474
20.858813484432176,239348.46875,0.0,0.0671263188123703,239348.53125,-0.0001395520913101474
20.86881348490715,239348.4375,0.0,0.0670728087425232,239348.5,-0.00013968263582961435
20.878813485382125,239348.453125,0.0,0.06701945513486862,239348.515625,-0.00013961736356988088
20.8888134858571,239348.453125,0.0,0.06696665287017822,239348.515625,-0.00013961736356988088
20.898813486332074,239348.453125,0.0,0.06691385805606842,239348.515625,-0.00013961736356988088
20.90881348680705,239348.453125,0.0,0.06686033308506012,239348.515625,-0.00013961736356988088
20.918813487282023,239348.46875,0.0,0.06680649518966675,239348.53125,-0.0001395520913101474
20.928813487756997,239348.46875,0.0,0.06675153970718384,239348.53125,-0.0001395520913101474
20.938813488231972,239348.46875,0.0,0.06669633090496063,239348.53125,-0.0001395520913101474
20.948813488706946,239348.46875,0.0,0.06664115190505981,239348.53125,-0.0001395520913101474
20.95881348918192,239348.46875,0.0,0.06658632308244705,239348.53125,-0.0001395520913101474
20.968813489656895,239348.46875,0.0,0.06653149425983429,239348.53125,-0.0001395520913101474
20.97881349013187,239348.46875,0.0,0.0664767175912857,239348.53125,-0.0001395520913101474
20.988813490606844,239348.46875,0.0,0.06642216444015503,239348.53125,-0.0001395520913101474
20.99881349108182,239348.484375,0.0,0.06636813282966614,239348.546875,-0.00013948681905041394
21.008813491556793,239348.5,0.0,0.06631328165531158,239348.5625,-0.00013942154679068047
21.018813492031768,239348.5,0.0,0.06625746190547943,239348.5625,-0.00013942154679068047
21.028813492506742,239348.515625,0.0,0.06620174646377563,239348.578125,-0.000139356274530947
21.038813492981717,239348.515625,0.0,0.06614531576633453,239348.578125,-0.000139356274530947
21.04881349345669,239348.484375,0.0,0.06608813256025314,239348.546875,-0.00013948681905041394
21.058813493931666,239348.453125,0.0,0.06603008508682251,239348.515625,-0.00013961736356988088
21.06881349440664,239348.40625,0.0,0.06597143411636353,239348.46875,-0.00013981318034908126
21.078813494881615,239348.390625,0.0,0.06591227650642395,239348.453125,-0.00013987845260881473
21.08881349535659,239348.390625,0.0,0.06585241854190826,239348.453125,-0.00013987845260881473
21.098813495831564,239348.375,0.0,0.06579327583312988,239348.4375,-0.0001399437248685482
21.10881349630654,239348.375,0.0,0.06574122607707977,239348.4375,-0.0001399437248685482
21.118813496781513,239348.390625,0.0,0.06568427383899689,239348.453125,-0.00013987845260881473
21.128813497256488,239348.390625,0.0,0.06562881916761398,239348.453125,-0.00013987845260881473
21.138813497731462,239348.375,0.0,0.0655762106180191,239348.4375,-0.0001399437248685482
21.148813498206437,239348.34375,0.0,0.06551708281040192,239348.40625,-0.00014007426938801514
21.15881349868141,239348.3125,0.0,0.06545864790678024,239348.375,-0.00014020481390748205
21.168813499156386,239348.3125,0.0,0.06540066003799438,239348.375,-0.00014020481390748205
21.17881349963136,239348.296875,0.0,0.06533194333314896,239348.359375,-0.00014027008616721552
21.188813500106335,239348.28125,0.0,0.06526841968297958,239348.34375,-0.000140335358426949
21.19881350058131,239348.28125,0.0,0.06521345674991608,239348.34375,-0.000140335358426949
21.208813501056284,239348.265625,0.0,0.06516112387180328,239348.328125,-0.00014040063068668246
21.21881350153126,239348.25,0.0,0.06510871648788452,239348.3125,-0.00014046590294641592
21.228813502006233,239348.203125,0.0,0.06505565345287323,239348.265625,-0.0001406617197256163
21.238813502481207,239348.171875,0.0,0.06499981880187988,239348.234375,-0.00014079226424508324
21.24881350295618,239348.15625,0.0,0.06494078040122986,239348.21875,-0.0001408575365048167
21.258813503431156,239348.09375,0.0,0.06487762928009033,239348.15625,-0.00014111862554375056
21.26881350390613,239348.046875,0.0,0.06481833755970001,239348.109375,-0.00014131444232295094
21.278813504381105,239348.015625,0.0,0.0647696703672409,239348.078125,-0.00014144498684241788
21.28881350485608,239347.984375,0.0,0.06471876800060272,239348.046875,-0.00014157553136188482
21.298813505331054,239347.953125,0.0,0.06466643512248993,239348.015625,-0.00014170607588135175
21.30881350580603,239347.90625,0.0,0.0646142065525055,239347.96875,-0.00014190189266055213
21.318813506281003,239347.875,0.0,0.06456129997968674,239347.9375,-0.00014203243718001907
21.328813506755978,239347.84375,0.0,0.06450866162776947,239347.90625,-0.00014216298169948598
21.338813507230952,239347.828125,0.0,0.06446053087711334,239347.890625,-0.00014222825395921945
21.348813507705927,239347.78125,0.0,0.064411461353302,239347.84375,-0.00014242407073841986
21.3588135081809,239347.75,0.0,0.06435789167881012,239347.8125,-0.00014255461525788677
21.368813508655876,239347.6875,0.0,0.06430209428071976,239347.75,-0.00014281570429682065
21.37881350913085,239347.640625,0.0,0.06424474716186523,239347.703125,-0.00014301152107602103
21.388813509605825,239347.59375,0.0,0.06418952345848083,239347.65625,-0.00014320733785522143
21.3988135100808,239347.5625,0.0,0.06413449347019196,239347.625,-0.00014333788237468837
21.408813510555774,239347.515625,0.0,0.06408044695854187,239347.578125,-0.00014353369915388875
21.41881351103075,239347.484375,0.0,0.06402486562728882,239347.546875,-0.0001436642436733557
21.428813511505723,239347.4375,0.0,0.06397008150815964,239347.5,-0.00014386006045255607
21.438813511980698,239347.40625,0.0,0.06391599774360657,239347.46875,-0.000143990604972023
21.448813512455672,239347.359375,0.0,0.06386305391788483,239347.421875,-0.0001441864217512234
21.458813512930647,239347.34375,0.0,0.06380810588598251,239347.40625,-0.00014425169401095686
21.46881351340562,239347.3125,0.0,0.06375305354595184,239347.375,-0.0001443822385304238
21.478813513880596,239347.28125,0.0,0.06369827687740326,239347.34375,-0.00014451278304989073
21.48881351435557,239347.234375,0.0,0.06364654749631882,239347.296875,-0.0001447085998290911
21.498813514830545,239347.1875,0.0,0.0635957196354866,239347.25,-0.00014490441660829152
21.50881351530552,239347.171875,0.0,0.06354784965515137,239347.234375,-0.00014496968886802496
21.518813515780494,239347.15625,0.0,0.06350131332874298,239347.21875,-0.00014503496112775843
21.528813516255468,239347.125,0.0,0.06345388293266296,239347.1875,-0.00014516550564722537
21.538813516730443,239347.125,0.0,0.06340500712394714,239347.1875,-0.00014516550564722537
21.548813517205417,239347.125,0.0,0.0633544847369194,239347.1875,-0.00014516550564722537
21.55881351768039,239347.125,0.0,0.06330269575119019,239347.1875,-0.00014516550564722537
21.568813518155366,239347.09375,0.0,0.06325118243694305,239347.15625,-0.0001452960501666923
21.57881351863034,239347.09375,0.0,0.06319892406463623,239347.15625,-0.0001452960501666923
21.588813519105315,239347.09375,0.0,0.06314598023891449,239347.15625,-0.0001452960501666923
21.59881351958029,239347.03125,0.0,0.06309884786605835,239347.09375,-0.00014555713920562615
21.608813520055264,239346.96875,0.0,0.06304957717657089,239347.03125,-0.00014581822824456
21.61881352053024,239346.9375,0.0,0.0629969984292984,239347.0,-0.00014594877276402694
21.628813521005213,239346.90625,0.0,0.06294407695531845,239346.96875,-0.00014607931728349388
21.638813521480188,239346.875,0.0,0.06289131939411163,239346.9375,-0.0001462098618029608
21.648813521955162,239346.875,0.0,0.06283972412347794,239346.9375,-0.0001462098618029608
21.658813522430137,239346.84375,0.0,0.06279215216636658,239346.90625,-0.00014634040632242773
21.66881352290511,239346.8125,0.0,0.06274917721748352,239346.875,-0.00014647095084189467
21.678813523380086,239346.84375,0.0,0.06270220875740051,239346.90625,-0.00014634040632242773
21.68881352385506,239346.84375,0.0,0.06265267729759216,239346.90625,-0.00014634040632242773
21.698813524330035,239346.84375,0.0,0.06260281056165695,239346.90625,-0.00014634040632242773
21.70881352480501,239346.8125,0.0,0.06255239993333817,239346.875,-0.00014647095084189467
21.718813525279984,239346.78125,0.0,0.06250043213367462,239346.84375,-0.00014660149536136158
21.72881352575496,239346.75,0.0,0.062444671988487244,239346.8125,-0.00014673203988082852
21.738813526229933,239346.75,0.0,0.06238998472690582,239346.8125,-0.00014673203988082852
21.748813526704907,239346.75,0.0,0.06233792379498482,239346.8125,-0.00014673203988082852
21.758813527179882,239346.75,0.0,0.062284909188747406,239346.8125,-0.00014673203988082852
21.768813527654856,239346.71875,0.0,0.062232159078121185,239346.78125,-0.00014686258440029545
21.77881352812983,239346.71875,0.0,0.06217900663614273,239346.78125,-0.00014686258440029545
21.788813528604805,239346.71875,0.0,0.06212620809674263,239346.78125,-0.00014686258440029545
21.79881352907978,239346.6875,0.0,0.06207270175218582,239346.75,-0.00014699312891976236
21.808813529554754,239346.6875,0.0,0.06201983615756035,239346.75,-0.00014699312891976236
21.81881353002973,239346.6875,0.0,0.06196984276175499,239346.75,-0.00014699312891976236
21.828813530504704,239346.671875,0.0,0.061928920447826385,239346.734375,-0.00014705840117949583
21.838813530979678,239346.65625,0.0,0.061892006546258926,239346.71875,-0.0001471236734392293
21.848813531454653,239346.65625,0.0,0.061847101897001266,239346.71875,-0.0001471236734392293
21.858813531929627,239346.65625,0.0,0.06179613992571831,239346.71875,-0.0001471236734392293
21.8688135324046,239346.640625,0.0,0.06174169108271599,239346.703125,-0.00014718894569896277
21.878813532879576,239346.625,0.0,0.06168592348694801,239346.6875,-0.00014725421795869624
21.88881353335455,239346.609375,0.0,0.061631303280591965,239346.671875,-0.0001473194902184297
21.898813533829525,239346.59375,0.0,0.06157853454351425,239346.65625,-0.00014738476247816318
21.9088135343045,239346.59375,0.0,0.06152648478746414,239346.65625,-0.00014738476247816318
21.918813534779474,239346.5625,0.0,0.06147575005888939,239346.625,-0.0001475153069976301
21.92881353525445,239346.5625,0.0,0.06142497807741165,239346.625,-0.0001475153069976301
21.938813535729423,239346.546875,0.0,0.061374422162771225,239346.609375,-0.00014758057925736356
21.948813536204398,239346.53125,0.0,0.06132519990205765,239346.59375,-0.00014764585151709703
21.958813536679372,239346.53125,0.0,0.061278678476810455,239346.59375,-0.00014764585151709703
21.968813537154347,239346.5,0.0,0.0612318255007267,239346.5625,-0.00014777639603656397
21.97881353762932,239346.484375,0.0,0.06118520721793175,239346.546875,-0.0001478416682962974
21.988813538104296,239346.46875,0.0,0.061137229204177856,239346.53125,-0.00014790694055603088
21.99881353857927,239346.453125,0.0,0.06108736991882324,239346.515625,-0.00014797221281576435
22.008813539054245,239346.4375,0.0,0.06103499233722687,239346.5,-0.00014803748507549781
22.01881353952922,239346.421875,0.0,0.06098206341266632,239346.484375,-0.00014810275733523128
22.028813540004194,239346.40625,0.0,0.06092911213636398,239346.46875,-0.00014816802959496475
22.03881354047917,239346.390625,0.0,0.06087631732225418,239346.453125,-0.0001482333018546982
22.048813540954143,239346.375,0.0,0.060823649168014526,239346.4375,-0.00014829857411443166
22.058813541429117,239346.375,0.0,0.06077244132757187,239346.4375,-0.00014829857411443166
22.068813541904092,239346.34375,0.0,0.06072140485048294,239346.40625,-0.0001484291186338986
22.078813542379066,239346.328125,0.0,0.06067197769880295,239346.390625,-0.00014849439089363207
22.08881354285404,239346.328125,0.0,0.060624465346336365,239346.390625,-0.00014849439089363207
22.098813543329015,239346.3125,0.0,0.06057996302843094,239346.375,-0.00014855966315336554
22.10881354380399,239346.28125,0.0,0.06055457517504692,239346.34375,-0.00014869020767283245
22.118813544278964,239346.28125,0.0,0.060528431087732315,239346.34375,-0.00014869020767283245
22.12881354475394,239346.28125,0.0,0.06048610061407089,239346.34375,-0.00014869020767283245
22.138813545228913,239346.265625,0.0,0.060434937477111816,239346.328125,-0.00014875547993256592
22.148813545703888,239346.265625,0.0,0.06037421524524689,239346.328125,-0.00014875547993256592
22.158813546178862,239346.265625,0.0,0.06031126156449318,239346.328125,-0.00014875547993256592
22.168813546653837,239346.28125,0.0,0.060252878814935684,239346.34375,-0.00014869020767283245
22.17881354712881,239346.28125,0.0,0.06020412966609001,239346.34375,-0.00014869020767283245
22.188813547603786,239346.296875,0.0,0.06015613675117493,239346.359375,-0.00014862493541309898
22.19881354807876,239346.328125,0.0,0.0601053312420845,239346.390625,-0.00014849439089363207
22.208813548553735,239346.375,0.0,0.060058437287807465,239346.4375,-0.00014829857411443166
22.21881354902871,239346.375,0.0,0.060013316571712494,239346.4375,-0.00014829857411443166
22.228813549503684,239346.375,0.0,0.05996719375252724,239346.4375,-0.00014829857411443166
22.23881354997866,239346.390625,0.0,0.05991901457309723,239346.453125,-0.0001482333018546982
22.248813550453633,239346.40625,0.0,0.05986807495355606,239346.46875,-0.00014816802959496475
22.258813550928608,239346.40625,0.0,0.05982144922018051,239346.46875,-0.00014816802959496475
22.268813551403582,239346.40625,0.0,0.05977398902177811,239346.46875,-0.00014816802959496475
22.278813551878557,239346.34375,0.0,0.05972761660814285,239346.40625,-0.0001484291186338986
22.28881355235353,239346.3125,0.0,0.059674445539712906,239346.375,-0.00014855966315336554
22.298813552828506,239346.328125,0.0,0.05961136519908905,239346.390625,-0.00014849439089363207
22.30881355330348,239346.34375,0.0,0.05954224243760109,239346.40625,-0.0001484291186338986
22.318813553778455,239346.34375,0.0,0.0594903863966465,239346.40625,-0.0001484291186338986
22.32881355425343,239346.34375,0.0,0.059442225843667984,239346.40625,-0.0001484291186338986
22.338813554728404,239346.34375,0.0,0.05939573049545288,239346.40625,-0.0001484291186338986
22.348813555203378,239346.34375,0.0,0.05935186892747879,239346.40625,-0.0001484291186338986
22.358813555678353,239346.34375,0.0,0.05930714309215546,239346.40625,-0.0001484291186338986
22.368813556153327,239346.34375,0.0,0.05926050245761871,239346.40625,-0.0001484291186338986
22.3788135566283,239346.3125,0.0,0.059220217168331146,239346.375,-0.00014855966315336554
22.388813557103276,239346.3125,0.0,0.05917992442846298,239346.375,-0.00014855966315336554
22.39881355757825,239346.3125,0.0,0.05913345515727997,239346.375,-0.00014855966315336554
22.408813558053225,239346.296875,0.0,0.05908495932817459,239346.359375,-0.00014862493541309898
22.4188135585282,239346.296875,0.0,0.059033509343862534,239346.359375,-0.00014862493541309898
22.428813559003174,239346.296875,0.0,0.05898205190896988,239346.359375,-0.00014862493541309898
22.43881355947815,239346.3125,0.0,0.05893070623278618,239346.375,-0.00014855966315336554
22.448813559953123,239346.3125,0.0,0.05888129398226738,239346.375,-0.00014855966315336554
22.458813560428098,239346.3125,0.0,0.058832280337810516,239346.375,-0.00014855966315336554
22.468813560903072,239346.3125,0.0,0.05878438055515289,239346.375,-0.00014855966315336554
22.478813561378047,239346.3125,0.0,0.05873711779713631,239346.375,-0.00014855966315336554
22.48881356185302,239346.3125,0.0,0.058689944446086884,239346.375,-0.00014855966315336554
22.498813562327996,239346.3125,0.0,0.05864284932613373,239346.375,-0.00014855966315336554
22.50881356280297,239346.3125,0.0,0.058596327900886536,239346.375,-0.00014855966315336554
22.518813563277945,239346.3125,0.0,0.05855051055550575,239346.375,-0.00014855966315336554
22.52881356375292,239346.296875,0.0,0.058505065739154816,239346.359375,-0.00014862493541309898
22.538813564227894,239346.296875,0.0,0.05845928192138672,239346.359375,-0.00014862493541309898
22.54881356470287,239346.28125,0.0,0.05841318145394325,239346.34375,-0.00014869020767283245
22.558813565177843,239346.28125,0.0,0.05836766958236694,239346.34375,-0.00014869020767283245
22.568813565652817,239346.265625,0.0,0.058322153985500336,239346.328125,-0.00014875547993256592
22.578813566127792,239346.25,0.0,0.05827690660953522,239346.3125,-0.0001488207521922994
22.588813566602767,239346.234375,0.0,0.058231472969055176,239346.296875,-0.00014888602445203286
22.59881356707774,239346.234375,0.0,0.05818656086921692,239346.296875,-0.00014888602445203286
22.608813567552716,239346.21875,0.0,0.05814226716756821,239346.28125,-0.00014895129671176633
22.61881356802769,239346.21875,0.0,0.05809802561998367,239346.28125,-0.00014895129671176633
22.628813568502665,239346.21875,0.0,0.05805584415793419,239346.28125,-0.00014895129671176633
22.63881356897764,239346.21875,0.0,0.05801279842853546,239346.28125,-0.00014895129671176633
22.648813569452614,239346.203125,0.0,0.05796749144792557,239346.265625,-0.00014901656897149977
22.658813569927588,239346.203125,0.0,0.057921428233385086,239346.265625,-0.00014901656897149977
22.668813570402563,239346.1875,0.0,0.05787641555070877,239346.25,-0.00014908184123123324
22.678813570877537,239346.1875,0.0,0.05782920494675636,239346.25,-0.00014908184123123324
22.68881357135251,239346.15625,0.0,0.0577821284532547,239346.21875,-0.00014921238575070018
22.698813571827486,239346.15625,0.0,0.05773499980568886,239346.21875,-0.00014921238575070018
22.70881357230246,239346.15625,0.0,0.05768868327140808,239346.21875,-0.00014921238575070018
22.718813572777435,239346.125,0.0,0.057643577456474304,239346.1875,-0.0001493429302701671
22.72881357325241,239346.109375,0.0,0.05759851634502411,239346.171875,-0.00014940820252990058
22.738813573727384,239346.09375,0.0,0.05755314975976944,239346.15625,-0.00014947347478963402
22.74881357420236,239346.0625,0.0,0.05750660598278046,239346.125,-0.00014960401930910096
22.758813574677333,239346.0625,0.0,0.05746129900217056,239346.125,-0.00014960401930910096
22.768813575152308,239346.03125,0.0,0.0574156790971756,239346.09375,-0.0001497345638285679
22.778813575627282,239346.015625,0.0,0.05737031251192093,239346.078125,-0.00014979983608830137
22.788813576102257,239346.0,0.0,0.05732411891222,239346.0625,-0.0001498651083480348
22.79881357657723,239346.0,0.0,0.05727806314826012,239346.0625,-0.0001498651083480348
22.808813577052206,239346.0,0.0,0.05723118409514427,239346.0625,-0.0001498651083480348
22.81881357752718,239346.0,0.0,0.05718355253338814,239346.0625,-0.0001498651083480348
22.828813578002155,239346.0,0.0,0.05713611841201782,239346.0625,-0.0001498651083480348
22.83881357847713,239345.984375,0.0,0.05708834528923035,239346.046875,-0.00014993038060776828
22.848813578952104,239345.953125,0.0,0.05704306811094284,239346.015625,-0.00015006092512723522
22.85881357942708,239345.9375,0.0,0.05699668079614639,239346.0,-0.0001501261973869687
22.868813579902053,239345.9375,0.0,0.056951381266117096,239346.0,-0.0001501261973869687
22.878813580377027,239345.9375,0.0,0.05690520256757736,239346.0,-0.0001501261973869687
22.888813580852002,239345.921875,0.0,0.05685947835445404,239345.984375,-0.00015019146964670216
22.898813581326976,239345.90625,0.0,0.05681435018777847,239345.96875,-0.0001502567419064356
22.90881358180195,239345.90625,0.0,0.05676891282200813,239345.96875,-0.0001502567419064356
22.918813582276925,239345.90625,0.0,0.05672314018011093,239345.96875,-0.0001502567419064356
22.9288135827519,239345.90625,0.0,0.0566791333258152,239345.96875,-0.0001502567419064356
22.938813583226874,239345.890625,0.0,0.05663499981164932,239345.953125,-0.00015032201416616907
22.94881358370185,239345.875,0.0,0.05658884346485138,239345.9375,-0.00015038728642590254
22.958813584176823,239345.859375,0.0,0.056542184203863144,239345.921875,-0.000150452558685636
22.968813584651798,239345.84375,0.0,0.05649445205926895,239345.90625,-0.00015051783094536947
22.978813585126773,239345.828125,0.0,0.05644701421260834,239345.890625,-0.00015058310320510294
22.988813585601747,239345.796875,0.0,0.05639947950839996,239345.859375,-0.00015071364772456985
22.99881358607672,239345.796875,0.0,0.05635274201631546,239345.859375,-0.00015071364772456985
23.008813586551696,239345.78125,0.0,0.056306757032871246,239345.84375,-0.00015077891998430332
23.01881358702667,239345.75,0.0,0.056261494755744934,239345.8125,-0.00015090946450377026
23.028813587501645,239345.734375,0.0,0.05621713399887085,239345.796875,-0.00015097473676350373
23.03881358797662,239345.71875,0.0,0.05617241933941841,239345.78125,-0.0001510400090232372
23.048813588451594,239345.71875,0.0,0.056128405034542084,239345.78125,-0.0001510400090232372
23.05881358892657,239345.703125,0.0,0.05608464032411575,239345.765625,-0.00015110528128297064
23.068813589401543,239345.6875,0.0,0.05604133382439613,239345.75,-0.0001511705535427041
23.078813589876518,239345.671875,0.0,0.05599934607744217,239345.734375,-0.00015123582580243758
23.088813590351492,239345.65625,0.0,0.05595743656158447,239345.71875,-0.00015130109806217105
23.098813590826467,239345.625,0.0,0.05591411888599396,239345.6875,-0.00015143164258163799
23.10881359130144,239345.625,0.0,0.05586957558989525,239345.6875,-0.00015143164258163799
23.118813591776416,239345.609375,0.0,0.055824968963861465,239345.671875,-0.00015149691484137143
23.12881359225139,239345.59375,0.0,0.05578062683343887,239345.65625,-0.0001515621871011049
23.138813592726365,239345.578125,0.0,0.05573592707514763,239345.640625,-0.00015162745936083837
23.14881359320134,239345.5625,0.0,0.05569085851311684,239345.625,-0.00015169273162057183
23.158813593676314,239345.5625,0.0,0.0556463897228241,239345.625,-0.00015169273162057183
23.16881359415129,239345.5625,0.0,0.055601123720407486,239345.625,-0.00015169273162057183
23.178813594626263,239345.5625,0.0,0.055555976927280426,239345.625,-0.00015169273162057183
23.188813595101237,239345.546875,0.0,0.05551370233297348,239345.609375,-0.0001517580038803053
23.198813595576212,239345.546875,0.0,0.055470943450927734,239345.609375,-0.0001517580038803053
23.208813596051186,239345.546875,0.0,0.05542662739753723,239345.609375,-0.0001517580038803053
23.21881359652616,239345.53125,0.0,0.055381812155246735,239345.59375,-0.00015182327614003877
23.228813597001135,239345.53125,0.0,0.05533643811941147,239345.59375,-0.00015182327614003877
23.23881359747611,239345.53125,0.0,0.055290743708610535,239345.59375,-0.00015182327614003877
23.248813597951084,239345.515625,0.0,0.05524466186761856,239345.578125,-0.00015188854839977221
23.25881359842606,239345.515625,0.0,0.05519822984933853,239345.578125,-0.00015188854839977221
23.268813598901033,239345.515625,0.0,0.055152371525764465,239345.578125,-0.00015188854839977221
23.278813599376008,239345.5,0.0,0.05510589852929115,239345.5625,-0.00015195382065950568
23.288813599850982,239345.5,0.0,0.05506018549203873,239345.5625,-0.00015195382065950568
23.298813600325957,239345.5,0.0,0.055015191435813904,239345.5625,-0.00015195382065950568
23.30881360080093,239345.46875,0.0,0.054969362914562225,239345.53125,-0.00015208436517897262
23.318813601275906,239345.46875,0.0,0.05492332950234413,239345.53125,-0.00015208436517897262
23.32881360175088,239345.46875,0.0,0.05487734079360962,239345.53125,-0.00015208436517897262
23.338813602225855,239345.453125,0.0,0.05483267456293106,239345.515625,-0.0001521496374387061
23.34881360270083,239345.4375,0.0,0.05480688437819481,239345.5,-0.00015221490969843956
23.358813603175804,239345.40625,0.0,0.05476575344800949,239345.46875,-0.00015234545421790647
23.36881360365078,239345.40625,0.0,0.054719578474760056,239345.46875,-0.00015234545421790647
23.378813604125753,239345.390625,0.0,0.05467338114976883,239345.4375,-0.0001524759987373734
23.388813604600728,239345.375,0.0,0.05462581664323807,239345.421875,-0.00015254127099710688
23.398813605075702,239345.375,0.0,0.05457857623696327,239345.421875,-0.00015254127099710688
23.408813605550677,239345.375,0.0,0.05452999472618103,239345.421875,-0.00015254127099710688
23.41881360602565,239345.359375,0.0,0.0544804185628891,239345.40625,-0.00015260654325684035
23.428813606500626,239345.34375,0.0,0.05443126708269119,239345.390625,-0.0001526718155165738
23.4388136069756,239345.34375,0.0,0.054381951689720154,239345.390625,-0.0001526718155165738
23.448813607450575,239345.34375,0.0,0.05433350056409836,239345.390625,-0.0001526718155165738
23.45881360792555,239345.3125,0.0,0.05428560823202133,239345.359375,-0.00015280236003604073
